block_uuid,block_name,block_norm,district_name,district_norm,vintage,centroid_lon,centroid_lat
68b32343-de97-4502-bfc7-e61e61a3c62a,JODHPUR_URBAN,JODHPUR URBAN,JODHPUR,JODHPUR,2021,73.02322505676405,26.30277714347792
4511166f-dd61-478d-8260-c1245d0e46fe,KARANPUR,KARANPUR,GANGANAGAR,GANGANAGAR,2021,73.51250683982948,29.86129857643992
90efa33f-9a8e-4e16-85cc-84fa62b55165,MAHWA,MAHWA,DAUSA,DAUSA,2021,76.9203752463911,27.032268844883973
de1a7c01-af65-40f8-8659-09349239c4f2,KUSHALGARH,KUSHALGARH,BANSWARA,BANSWARA,2021,74.5121020597844,23.212152606463235
bd6dbb09-be4f-4adc-bdd1-ddbf50198fa5,JHADOL,JHADOL,UDAIPUR,UDAIPUR,2021,73.45043670167642,24.415975569986415
af11f277-f30e-4a67-9dfd-2d9b6372a5e6,RAIPUR,RAIPUR,BHILWARA,BHILWARA,2021,74.16410218874127,25.36468467591012
820ed321-eae3-4399-9f1d-6b1785da38c1,KOLAYAT,KOLAYAT,BIKANER,BIKANER,2019,72.54506751389792,27.920184241840907
a7b5756c-644a-4284-b6bc-09d68592bbe0,LAWAN,LAWAN,DAUSA,DAUSA,2021,76.34149482144046,26.77734642727608
54bbb5c8-b6a3-4162-9c94-426bb992e63c,JAITARAN,JAITARAN,PALI,PALI,2021,74.02061145171203,26.291906198948176
fe8eafad-abd6-4ea5-adf4-66edba86e026,DUNGLA,DUNGLA,CHITTAURGARH,CHITTAURGARH,2019,74.32630245511544,24.556666457902885
2c12a39d-b3dd-46c2-9c79-c84be3f739f2,RAMSAR,RAMSAR,BARMER,BARMER,2021,70.93123833050863,25.693144738573757
7444d2cb-ba00-4967-b748-3841ed53eb69,MOLASAR,MOLASAR,NAGAUR,NAGAUR,2019,74.6587731547678,27.26910109629761
4ba1e010-5377-4667-b83a-e397e62be0e2,SADULSHAHAR,SADULSHAHAR,GANGANAGAR,GANGANAGAR,2019,74.06245448834841,29.83877463358161
8992a476-c216-42cf-801a-3fa094c9426c,NAGAUR,NAGAUR,NAGAUR,NAGAUR,2021,73.68241023207345,27.309767396151777
3024447c-bbd0-4c62-9916-a9c49445c783,BAORI,BAORI,JODHPUR,JODHPUR,2019,73.20760655991484,26.669241536222152
b2e7f6ea-f3dd-4221-8d7e-70f4bab5d3a6,RATANGARH,RATANGARH,CHURU,CHURU,2021,74.5628045921579,28.07511807538071
5d0e246f-8e17-42f1-bf58-0907ab0169ce,NAWA,NAWA,NAGAUR,NAGAUR,2019,75.0722005256246,27.061584024504924
957f56bf-95c2-4f2d-bcb0-642cc8f34cd4,PANCHOO,PANCHOO,BIKANER,BIKANER,2019,73.2588534533308,27.51212998251309
a09a24a2-a1ad-41bd-847a-e93540ca82f2,GIRWA_RURAL,GIRWA RURAL,UDAIPUR,UDAIPUR,2021,73.66611057905114,24.431235902543015
fdcd13c2-a343-4420-a2a4-17ead49f3d30,PATAN,PATAN,SIKAR,SIKAR,2021,75.9513307655952,27.769163896577137
b9151510-8625-486e-8eb1-8cd981ee1de4,MANDAL,MANDAL,BHILWARA,BHILWARA,2019,74.32658434863012,25.502397616780826
d57ecc57-e118-476d-a167-05dbdea3ac33,PRATAPGARH,PRATAPGARH,PRATAPGARH,PRATAPGARH,2019,74.73415840855677,24.099327017635584
d17f01f2-bc56-44c6-a2cb-051e1c6cf7dc,SHAHBAD,SHAHBAD,BARAN,BARAN,2019,77.14361333726474,25.207587969119817
bdbb91cd-8b19-4147-ab3e-315982452ddd,SINDHARI,SINDHARI,BARMER,BARMER,2019,71.90829752703377,25.560102452934238
259d8278-74f0-466b-a9c0-c54f0fb92220,SIKRAI,SIKRAI,DAUSA,DAUSA,2021,76.62518091823716,26.889048182181103
ebfbdd3c-c79e-4161-8f6f-7621920ded18,JALSOO,JALSOO,JAIPUR,JAIPUR,2021,75.6608727744932,27.08215852226355
5f9a9e9e-7499-45a9-bb12-c1ac835a6e9a,SAHARA,SAHARA,BHILWARA,BHILWARA,2021,74.25596280631488,25.20649831384338
aec28b24-df5f-4beb-b775-bc2148cbddf2,DHARIAWAD,DHARIAWAD,PRATAPGARH,PRATAPGARH,2021,74.40062111386038,24.06632064940145
c086a05b-35c0-448a-9d17-aec83c5f7023,BAYTOO,BAYTOO,BARMER,BARMER,2019,71.69345258655026,25.951221682504013
2ed622b9-9c4f-43ad-82a2-b393b4c2a1b9,SANGANER,SANGANER,JAIPUR,JAIPUR,2019,75.729864244192,26.794512506280675
55dc3d5e-c5cf-4a35-8e89-71bd8f8c5af7,DHORIMANNA,DHORIMANNA,BARMER,BARMER,2019,71.45455514437734,25.222225762382358
3b50fe21-5087-4e49-a359-c4d1a8c8e0f1,SUWANA,SUWANA,BHILWARA,BHILWARA,2021,74.62475939394511,25.297430245351954
3ad50b2c-01ff-4f32-abd2-0b6239dce490,LALSOT,LALSOT,DAUSA,DAUSA,2019,76.31375924208675,26.57472255718284
20b40714-6183-4ef2-b28a-951a1686f266,LASADIYA,LASADIYA,UDAIPUR,UDAIPUR,2019,74.23935018594682,24.27450884434227
782dd75d-0450-4e6d-813b-162654c271b7,LUNKARANSAR,LUNKARANSAR,BIKANER,BIKANER,2021,73.64856397197376,28.661108356210132
5afb0c67-7b58-4a6c-95f3-0b6391ef9179,UNIARA,UNIARA,TONK,TONK,2021,76.03787739718405,25.942742964327042
f8cbc747-f79c-4e82-818e-bde152b6d905,JHOTWARA_RURAL,JHOTWARA RURAL,JAIPUR,JAIPUR,2021,75.617958887704,26.93585357959568
a5851ac5-edb2-4a60-b257-b8a8789b2cc0,UNIARA,UNIARA,TONK,TONK,2019,76.03787740728013,25.94274295822895
2f15aa20-5265-4afb-a213-76cd449ff4fb,DEGANA,DEGANA,NAGAUR,NAGAUR,2019,74.22741989224794,26.848463304539955
15f22727-4df2-4543-9a83-f900ef8f8bad,HURDA,HURDA,BHILWARA,BHILWARA,2019,74.61082752876067,25.810341341914192
f6b71bb9-451d-450f-b654-c1fae29274cb,BUHANA,BUHANA,JHUNJHUNU,JHUNJHUNU,2021,75.8751843379604,28.17960353272363
cd3cec9c-9976-42b2-b1a5-1f607f0db611,DEOLI,DEOLI,TONK,TONK,2021,75.54156180251795,25.855387021252923
89c0b671-2a3f-4655-aa3e-bba178970afa,BARAN,BARAN,BARAN,BARAN,2019,76.5057331636694,25.09982032215053
fe96e8ca-d87d-4661-be4e-b78d788d050c,SADULSHAHAR,SADULSHAHAR,GANGANAGAR,GANGANAGAR,2021,74.06245450411141,29.838774672181103
6197c32a-abf8-4e75-8234-ab7074cde411,DHOND,DHOND,SIKAR,SIKAR,2019,75.02642433552008,27.560124578883297
86141b8f-4d9f-4b9f-b25d-8cfbde571a7c,GIRA,GIRA,BARMER,BARMER,2019,71.91717446128872,26.171915627169465
9fd1c941-91bd-4499-b401-7b1268069c33,BONLI,BONLI,SAWAI MADHOPUR,SAWAI MADHOPUR,2019,76.314223622792,26.30502922139972
61333fd6-5d48-4944-a0a4-a6f5cbc8e82a,SIMALWARA,SIMALWARA,DUNGARPUR,DUNGARPUR,2021,73.7496501048071,23.529421718901254
a3b4be26-f89f-4731-b1b1-9c164a64180a,ITAWA,ITAWA,KOTA,KOTA,2021,76.42149770675593,25.583256597613445
ab48c3ca-7f3a-4afb-91a6-d36174149b74,DEEG,DEEG,BHARATPUR,BHARATPUR,2019,77.29471726598638,27.4623772034169
3cd18c6c-2b9c-4c25-9f50-077ff5cd4128,RAMGARH,RAMGARH,ALWAR,ALWAR,2019,76.80205300224277,27.592135150771373
ffce25cc-8b96-4c1c-ba2e-e50203e6538a,BIDASAR,BIDASAR,CHURU,CHURU,2021,74.12355984449695,27.72189304479547
b79d74d1-f2ef-4e12-99f9-40cad49df471,BANSWARA,BANSWARA,BANSWARA,BANSWARA,2021,74.48396808389487,23.467631018015044
ade5bbe4-30b3-4920-8a41-ca9e02be1a1e,SHAHBAD,SHAHBAD,BARAN,BARAN,2021,77.14361334751169,25.207588007532333
a21a1ed1-108a-4f61-b7c5-131cfafd0bbb,CHHIPABAROD,CHHIPABAROD,BARAN,BARAN,2021,76.67719829946391,24.564603788632066
7fa76142-bbf4-4d8e-bee1-c6ffcc628397,RAIPUR,RAIPUR,PALI,PALI,2019,74.0992926313476,26.082202403692676
50b899ca-fa3c-4a8b-8401-c36d83c9c6a9,ARTHOONA,ARTHOONA,BANSWARA,BANSWARA,2019,74.11005261837697,23.5007060466145
85e1829b-7064-4c81-b8e0-38a1e584d0f5,SANGARIYA,SANGARIYA,HANUMANGARH,HANUMANGARH,2019,74.38049357195699,29.822305025796478
436d64d7-a247-4833-957f-58792348afae,RAJGARH,RAJGARH,CHURU,CHURU,2019,75.38747363241679,28.64982402934061
319f272a-4602-4eb8-bb8f-a326406d49f4,KISHANGANJ,KISHANGANJ,BARAN,BARAN,2021,76.75282167169289,25.11674120324755
88210d3a-4824-4407-ac7a-a38cd57ebd4b,LUNI,LUNI,JODHPUR,JODHPUR,2019,72.95004265514689,26.085923595778812
02212f82-95a4-4c42-b2ab-827d380a6b68,KOTRI,KOTRI,BHILWARA,BHILWARA,2021,74.9358053857493,25.375556653552707
19b7b36d-26ce-4c98-9d69-fc7db96fbd59,BAYANA,BAYANA,BHARATPUR,BHARATPUR,2019,77.29304694888236,26.892847134811475
4349cc53-e741-4c6e-8d44-845c0098b7e0,MANDALGARH,MANDALGARH,BHILWARA,BHILWARA,2019,75.10407380769107,25.257933392057343
ea30a972-3a23-4f27-8084-cdcf37e65842,RIYAN BARI,RIYAN BARI,NAGAUR,NAGAUR,2021,74.26133369766072,26.54574016064832
9ce17c9b-0a1e-43ef-8b67-150f1d8f1a59,PADAMPUR,PADAMPUR,GANGANAGAR,GANGANAGAR,2021,73.69270562448435,29.664577074600057
f13027c0-c1bc-4e7d-8e36-7b3d19fa545b,RAISINGHNAGAR,RAISINGHNAGAR,GANGANAGAR,GANGANAGAR,2019,73.43995073149874,29.497921483053545
ad103ac1-9b19-4b90-8beb-90bb3887745f,KISHANGARH BAS,KISHANGARH BAS,ALWAR,ALWAR,2019,76.72420121393426,27.758877322666862
0a66c3ab-219c-4633-9ff2-2d37972f3376,BANERA,BANERA,BHILWARA,BHILWARA,2019,74.68144061931643,25.585838879193336
435b351d-166b-44f4-9940-416bb91b69a9,SANGARIYA,SANGARIYA,HANUMANGARH,HANUMANGARH,2021,74.38049356882162,29.822305076576157
bc464a6c-d112-4e77-946d-9ae65e8c5f14,SIWANA,SIWANA,BARMER,BARMER,2019,72.35705671551635,25.573318783777417
8451a5fd-a74f-4d42-9e88-e1ebde646a87,MALPURA,MALPURA,TONK,TONK,2019,75.3568448550456,26.348294068925167
32c9a861-faaf-4337-97a1-8372c1b94ad4,LALSOT,LALSOT,DAUSA,DAUSA,2021,76.3137592654649,26.574722543729294
7dfe5a81-4af6-4058-b754-dd51b2206dad,BASERI,BASERI,DHAULPUR,DHAULPUR,2021,77.44716002291058,26.588074616325162
39cdcbcf-a5fb-424b-93ab-d3575cc76165,TALERA,TALERA,BUNDI,BUNDI,2021,75.66198852376395,25.185676071796216
90e3530f-1550-42aa-a02b-e3871618e86d,BHINDAR,BHINDAR,UDAIPUR,UDAIPUR,2021,74.09888569935173,24.548421324069427
65a93ec0-b90b-4c63-9ded-69285cb5fe22,PILIBANGA,PILIBANGA,HANUMANGARH,HANUMANGARH,2019,74.0593088512107,29.473804503955748
68c37b37-20f8-4573-ba0d-eb6666ba8d8a,RIYAN BARI,RIYAN BARI,NAGAUR,NAGAUR,2019,74.26133368718546,26.545740172542292
8ae1553a-5948-463f-835b-4829447a577a,NAGAUR,NAGAUR,NAGAUR,NAGAUR,2019,73.68241026170865,27.30976740206065
ece4664d-f294-472f-a43c-e3d6e9f105df,JHADOL,JHADOL,UDAIPUR,UDAIPUR,2019,73.45043668128802,24.415975534652382
bbb660ea-866a-4856-b035-d679b254032d,KHERWARA,KHERWARA,UDAIPUR,UDAIPUR,2019,73.49318036750734,24.00426455618036
1efcc1ea-c198-4681-b585-bf51efa75cb1,PEEPALKHOONT,PEEPALKHOONT,PRATAPGARH,PRATAPGARH,2019,74.6439697617877,23.813267039219127
93354574-8852-4b44-b168-46cc95b139a8,LAWAN,LAWAN,DAUSA,DAUSA,2019,76.34147868708592,26.777606199590384
b951a7f6-7753-462c-aeb1-2edd57c91b63,SHEKHALA,SHEKHALA,JODHPUR,JODHPUR,2021,72.47758145225922,26.65189299660042
27361772-73ed-4e27-8b3c-9476a95d787f,NIWAI,NIWAI,TONK,TONK,2021,75.97181248155707,26.39678954431978
2278986c-f536-4df0-acae-a581323f8f43,SURATGARH,SURATGARH,GANGANAGAR,GANGANAGAR,2019,73.86318863556576,29.194721796318788
888aee7d-4ab9-4e85-ad49-981e33eaf3b3,UMREN,UMREN,ALWAR,ALWAR,2019,76.55741550499307,27.485119708768064
a75a5a6f-87f5-46cc-b6d9-0d70bfedf42d,BAPINI,BAPINI,JODHPUR,JODHPUR,2019,72.93263559137101,27.058615313584173
193b3d64-b2a5-4c29-9d53-f17c8a9d585e,GADRAROAD,GADRAROAD,BARMER,BARMER,2021,70.53140779668837,25.953045575734713
48e15084-a07e-4c36-ade5-1989f7747ec9,BEHROR,BEHROR,ALWAR,ALWAR,2021,76.27726962613038,27.911371266556337
a89a6712-b66d-46d1-9204-89e6aa3b9bc4,KATHUMAR,KATHUMAR,ALWAR,ALWAR,2021,77.00631141663483,27.283790427372697
8e932d79-3886-47af-a2d6-f0b43d1a2d44,KESHORAI PATAN,KESHORAI PATAN,BUNDI,BUNDI,2019,76.10021708961548,25.52134965746364
055a21b2-9bc2-4015-89a3-08bc29ef212b,ROHAT,ROHAT,PALI,PALI,2021,73.09000743133198,25.860806123310436
0420a1ea-24d1-4420-b078-49cc7df45a02,BAP,BAP,JODHPUR,JODHPUR,2021,72.38237925729028,27.38839952377161
7c6d8516-278c-40a2-aacc-5f6cdb37beea,SAIPAU,SAIPAU,DHAULPUR,DHAULPUR,2019,77.7924340805874,26.834315968369282
e0110ec0-823f-49d3-b11e-2e39e5cdf9f1,KALYANPUR,KALYANPUR,BARMER,BARMER,2021,72.50080003912473,26.05174284135955
03c74fee-0f2d-4a8b-a799-3a28a191133a,CHHIPABAROD,CHHIPABAROD,BARAN,BARAN,2019,76.6771983295726,24.56460379850104
dfd89462-0e3d-4805-a8f8-2b357b0562d4,SAGWARA,SAGWARA,DUNGARPUR,DUNGARPUR,2021,73.99618412096923,23.71010517178397
78dc9f66-b166-4aa1-b02e-603f0fce42b2,OSIAN,OSIAN,JODHPUR,JODHPUR,2019,72.87752109077653,26.787438123242445
a906c6d5-7957-4287-bb13-4d46a3b96bf1,BALOTRA,BALOTRA,BARMER,BARMER,2019,72.14925840664353,25.830846224950907
3436d4f4-4a7a-4da2-a58b-48b12b6ad89a,DIDWANA,DIDWANA,NAGAUR,NAGAUR,2021,74.53749449293686,27.363094430733252
d3df8a19-d5a2-4a8b-a5f7-ab26592a6fdd,BANDIKUI,BANDIKUI,DAUSA,DAUSA,2021,76.59549375625151,27.050304174252073
12bbd4b8-791b-47c2-abdb-35ced521e4aa,PATODI,PATODI,BARMER,BARMER,2019,72.26427395179833,26.115132659717528
dc3a9d8f-e0e9-45ae-b72c-57069e55754d,SHAHPURA,SHAHPURA,JAIPUR,JAIPUR,2019,75.90159095176122,27.3401303122177
1d72a72a-fd48-4ba7-9a2f-2485bca41184,JASWANTPURA,JASWANTPURA,JALOR,JALOR,2019,72.4379979105965,24.98845733409057
3b7d09c5-ba0b-4863-8b9e-841296f2b647,HINDAUN,HINDAUN,KARAULI,KARAULI,2021,77.05714438224754,26.72680956622143
e7208233-d89b-4755-bbe7-ff87b03eb04a,KUCHAMAN CITY,KUCHAMAN CITY,NAGAUR,NAGAUR,2021,74.93854740806192,27.218137599276442
0fd52b10-04ed-4ced-9a1c-209401d328db,GANGAR TALAI,GANGAR TALAI,BANSWARA,BANSWARA,2019,74.18094705414474,23.25862705391067
acc6e686-08e0-41bb-94aa-8811e5c208c6,GANGAPUR,GANGAPUR,SAWAI MADHOPUR,SAWAI MADHOPUR,2021,76.7640514363057,26.51095717607852
330c8b72-7e10-4fd0-97e7-d649db8ced69,KHANDAR,KHANDAR,SAWAI MADHOPUR,SAWAI MADHOPUR,2021,76.58132138269502,25.98294573821716
8ed0a465-76fc-4d2f-82b4-9312aeba7be6,BARGAON,BARGAON,UDAIPUR,UDAIPUR,2021,73.66656405911898,24.713169196363168
edf5d454-82f3-4661-81f2-3ecc9087b0cc,TODABHIM,TODABHIM,KARAULI,KARAULI,2019,76.86078218015935,26.843433193187067
13204816-f54f-4075-9dc9-0c65c8bd2bfc,LUNI,LUNI,JODHPUR,JODHPUR,2021,72.94986864923007,26.08572802495706
5a3a957d-d698-4d3e-8f00-9e5695d4cce9,SERWA,SERWA,BARMER,BARMER,2019,71.17427036538515,24.935256664629595
8f21c9ba-b402-45b0-88b0-3a2b872e90cb,KOTPUTLI,KOTPUTLI,JAIPUR,JAIPUR,2021,76.16529339005189,27.735510456928477
b172a744-8228-4ff0-bcac-102b359e6bb2,PARBATSAR,PARBATSAR,NAGAUR,NAGAUR,2019,74.63717481154528,26.812296295899746
8ad04b3b-0708-4acf-ae20-6c1b4114ab69,CHITALWANA,CHITALWANA,JALOR,JALOR,2019,71.55010579382615,24.868478915445102
6e0c501e-b5d7-4eae-a6d3-9ffa1838253b,DANTA RAMGARH,DANTA RAMGARH,SIKAR,SIKAR,2021,75.21918822945888,27.335648270765134
b06b3529-d5fe-4422-9c4b-33273720eaef,LAXMANGARH,LAXMANGARH,ALWAR,ALWAR,2021,76.87447116422813,27.40525945852646
fbebc4bd-8085-444f-9e93-02ea11dca7e5,JAISALMER_URBAN,JAISALMER URBAN,JAISALMER,JAISALMER,2021,70.91494208845393,26.903102779361294
b6583c17-4ab9-4bd3-a581-f32f9f9690fb,TODABHIM,TODABHIM,KARAULI,KARAULI,2021,76.86078219321159,26.843433183579428
eae616f4-2f3d-40a7-873e-68765d435498,PINDWARA,PINDWARA,SIROHI,SIROHI,2019,72.97934296536229,24.708600504511708
a31c9bd0-5544-403f-af93-d9ca54472c43,DHARIAWAD,DHARIAWAD,PRATAPGARH,PRATAPGARH,2019,74.4006211423669,24.06632066000759
280c587b-35d5-4b10-9ec8-45a3d0b6b879,CHIRAWA,CHIRAWA,JHUNJHUNU,JHUNJHUNU,2021,75.55706569892034,28.209317363300055
f64b7a35-bbbc-49c4-999d-e6ec2bb70f16,KHAJUWALA,KHAJUWALA,BIKANER,BIKANER,2021,72.74487277922626,28.511341558682158
172e6764-9e8f-4a9d-9c02-aa02d2927ebb,TIWARI,TIWARI,JODHPUR,JODHPUR,2019,72.85031765999024,26.568967691119553
2c944a87-4aec-4dc1-bc64-14954422e29a,DAG,DAG,JHALAWAR,JHALAWAR,2021,75.7279564567045,23.935132328853676
c87dcbb1-29c0-42f9-939b-d7b920560aa5,GOVINDGARH,GOVINDGARH,JAIPUR,JAIPUR,2021,75.67026670848635,27.232864188240587
075e2367-f814-437c-9c74-a68883607da5,KUMHER,KUMHER,BHARATPUR,BHARATPUR,2021,77.38342745006977,27.3114410917512
f8d0346b-0d6f-4945-b567-230c12fb4d2d,JHALRAPATAN,JHALRAPATAN,JHALAWAR,JHALAWAR,2021,76.19863985458258,24.546620393626426
d40956b0-1805-4fbc-92cf-d3ff3e2154a4,NEEM KA THANA,NEEM KA THANA,SIKAR,SIKAR,2019,75.80393443198314,27.65981943733906
43ae4b5a-a7ad-4a0e-8a97-f2f03843ee9f,NOHAR,NOHAR,HANUMANGARH,HANUMANGARH,2021,74.72710710376622,29.097182547470055
1055fb09-e915-4172-aedd-1cc4cad23b7a,SHEKHALA,SHEKHALA,JODHPUR,JODHPUR,2019,72.47758146620468,26.651893010745383
bc1e7b52-d920-4f86-b214-acee701ec5f5,PHAGI,PHAGI,JAIPUR,JAIPUR,2019,75.58852898349124,26.59573309416105
54a54f08-fe6a-49d6-b787-5db9a7e6d5bb,SOJAT,SOJAT,PALI,PALI,2019,73.6606665623719,25.963781407139646
e7630bf0-47b4-43b8-be01-84886b9fd5fa,NAINWA,NAINWA,BUNDI,BUNDI,2019,75.93844088222744,25.705331507114774
059952b2-3da3-429d-b8ec-a69a8e144919,LADPURA,LADPURA,KOTA,KOTA,2019,75.87917656369834,25.047118652817595
60e773db-7cd6-4e2e-b2f8-906c02749559,BHOPALGARH,BHOPALGARH,JODHPUR,JODHPUR,2021,73.4750144090821,26.677153216374542
a3d0d169-9f8a-4be6-a038-2124dc3dfc1e,MUNDWA,MUNDWA,NAGAUR,NAGAUR,2019,73.78518141004284,26.988149748989635
0e08ec46-dc35-45be-abca-cca5010543c5,SAIPU,SAIPU,DHAULPUR,DHAULPUR,2021,77.79243407890809,26.834315985096072
e09969b8-8fe0-4727-b5be-8b79e4156700,AMBER,AMBER,JAIPUR,JAIPUR,2019,75.89058242975483,27.10861802423624
8a9ea0ee-9384-4f97-b893-578854584942,SAJJANGARH,SAJJANGARH,BANSWARA,BANSWARA,2019,74.31057616964738,23.216170628477684
5dcec666-99ca-431e-bc91-b931671adb02,JAMWA RAMGARH,JAMWA RAMGARH,JAIPUR,JAIPUR,2019,76.09141877036359,27.06257337687347
37c81bca-1e56-496c-94e6-dfb93454fa14,SIKRAI,SIKRAI,DAUSA,DAUSA,2019,76.62518087687538,26.889048158692628
1803f844-9e0d-436b-8d83-37f396fb67f1,CHITTAURGARH,CHITTAURGARH,CHITTAURGARH,CHITTAURGARH,2019,74.68161382731797,24.881727751022183
93829bb5-c7fc-424c-8137-4f2621158990,NADOTI,NADOTI,KARAULI,KARAULI,2021,76.69368126991435,26.70915564317463
3ce264d6-d005-430f-bce9-32de0327b688,DAUSA,DAUSA,DAUSA,DAUSA,2019,76.35904377920528,26.94071818721023
95e732ea-3c34-447f-84bd-48967467a12f,RAJAKHERA,RAJAKHERA,DHAULPUR,DHAULPUR,2019,78.09538439705322,26.832210958549382
a74ec744-7cf9-447d-928a-d0b1db5f4d8c,KHAMNOR,KHAMNOR,RAJSAMAND,RAJSAMAND,2019,73.76204255937184,24.915098009569824
ca4f92b1-d467-4266-8095-37d4c96fab03,SEWAR,SEWAR,BHARATPUR,BHARATPUR,2021,77.50974112040734,27.204702149913995
fb2e6e17-7aaf-460d-b7e8-fb02616a73a6,KHAMNOR,KHAMNOR,RAJSAMAND,RAJSAMAND,2021,73.76204259344382,24.91509801304926
269993ce-e7e9-4127-b974-8281d56b74b2,GANGANAGAR,GANGANAGAR,GANGANAGAR,GANGANAGAR,2021,73.8150499594224,29.93306023346269
a56fe5c2-81fe-450f-8300-ef8f68def8f0,KATHUMAR,KATHUMAR,ALWAR,ALWAR,2019,77.00775268826129,27.283734044131155
d33ac23e-9d3f-4e57-80bd-035c34d14c4d,RAWATSAR,RAWATSAR,HANUMANGARH,HANUMANGARH,2021,74.32601204876954,29.06854356791858
029cfac5-3128-499a-8813-e18f8c9f1a5a,SAYLA,SAYLA,JALOR,JALOR,2021,72.29492000284839,25.331873954007023
8a125860-8248-44d2-bdd9-0274c52ad7fd,PAHARI,PAHARI,BHARATPUR,BHARATPUR,2019,77.10306856156232,27.698815016155866
3bdbb19b-5e9d-43bd-82f5-1d9a9435bd21,SUJANGARH,SUJANGARH,CHURU,CHURU,2021,74.46462226661474,27.736991476669537
2dc38376-4f61-4a3b-9f10-c7e670bb9049,SHRINAGAR,SHRINAGAR,AJMER,AJMER,2019,74.77501418372022,26.409946415238622
f52d6317-a1f5-416f-88da-ba16e1cd1078,GIRA,GIRA,BARMER,BARMER,2021,71.91717448498068,26.171915637525846
e16abb17-2a0c-47df-8883-6fe8612c889f,KURAWAR,KURAWAR,UDAIPUR,UDAIPUR,2019,73.92257957094111,24.451855693315107
4228caf2-b2d8-4534-bf55-c20d07d83856,SARDARSHAHAR,SARDARSHAHAR,CHURU,CHURU,2021,74.4174030857347,28.536666277916716
d1ce11dd-98ab-4ed3-983b-8b6d26fcf58e,BHINAY,BHINAY,AJMER,AJMER,2021,74.79668225727228,26.01286856871853
24ed128a-293d-44a6-b2d7-3cc7bded3bb7,KHERWARA,KHERWARA,UDAIPUR,UDAIPUR,2021,73.49318038488065,24.004264560029725
d612b810-3bef-4b99-b506-6adc3d462ad7,UDAIPURWATI,UDAIPURWATI,JHUNJHUNU,JHUNJHUNU,2021,75.5578335283285,27.84680616240266
2637f779-13ed-4039-895c-43ac1ffd2648,RAJAKHERA,RAJAKHERA,DHAULPUR,DHAULPUR,2021,78.0953843158319,26.832210978392386
c7ef9d8f-4a0a-455e-915a-4a9e000bc37c,SAM,SAM,JAISALMER,JAISALMER,2021,70.42410135055663,26.99086323137803
32ac13e8-b584-46de-8ef4-86c3dbdfb8a2,TODARAISINGH,TODARAISINGH,TONK,TONK,2019,75.46356605365429,26.083748626310726
195c629d-8c68-4344-836f-a4004dd7e8d7,MALPURA,MALPURA,TONK,TONK,2021,75.35684482443929,26.34829408383269
73833e32-d401-401d-b3c4-de2c3e76165b,SURATGARH,SURATGARH,GANGANAGAR,GANGANAGAR,2021,73.86318868190844,29.194721820548427
b28af74d-b04b-4ac4-93e6-abfbccf3c598,KOTKASIM,KOTKASIM,ALWAR,ALWAR,2021,76.70210671256426,27.987459384181584
e51d6521-ac06-4004-9629-24070feaacec,ARNOD,ARNOD,PRATAPGARH,PRATAPGARH,2019,74.8326431028978,23.7407553105598
bc580831-4863-4e21-8b30-7003647a9b9b,PAOTA,PAOTA,JAIPUR,JAIPUR,2019,76.07193675008432,27.598837451087366
29a6427b-3ecc-41f0-9fac-6214b465fa71,SULTANPUR,SULTANPUR,KOTA,KOTA,2019,76.17954063931927,25.29215022375829
a5fb559d-6447-494a-9be9-a8def820508f,GHATOL,GHATOL,BANSWARA,BANSWARA,2021,74.40062751950065,23.764240141419066
64766be4-dafa-4f47-b819-4ee804f4509e,CHITALWANA,CHITALWANA,JALOR,JALOR,2021,71.55010583608542,24.86847894927956
3c20241e-a260-40ad-940e-f9f2671cdf45,MAHWA,MAHWA,DAUSA,DAUSA,2019,76.920375203535,27.0322688974963
f04f7c87-78c6-48f1-9b96-91865749071f,TIBI,TIBI,HANUMANGARH,HANUMANGARH,2019,74.52263680973584,29.52939519069926
7c3b7143-d832-4fcd-82d2-45812a36d993,SOJAT,SOJAT,PALI,PALI,2021,73.66066656012131,25.963781369992404
8462c6b1-80f6-4021-ab69-4099b074dc73,SANCHORE,SANCHORE,JALOR,JALOR,2021,71.82377721213784,24.78370600291901
b9644a61-8128-4b10-a20d-33c8159c31f7,BHINDAR,BHINDAR,UDAIPUR,UDAIPUR,2019,74.0988856699119,24.54842134768699
8634d31a-837f-420a-a664-da0f729a289b,KAMAN,KAMAN,BHARATPUR,BHARATPUR,2019,77.25291120186851,27.676105069047818
50b25ae1-e9c3-4edb-8db2-6d542bdfb9d1,RAJGARH,RAJGARH,CHURU,CHURU,2021,75.38747362247489,28.6498240379531
1f3fa45e-9685-4621-b3a4-fc42cd64b13c,CHOHTAN,CHOHTAN,BARMER,BARMER,2019,70.97083259426431,25.442157879189317
90ab806c-2c4f-449c-b01d-c7e3cfbbef9c,BAORI,BAORI,JODHPUR,JODHPUR,2021,73.2076066033065,26.669241535131267
9152e6b1-2061-4cb4-ba43-202284a790c0,SALUMBAR,SALUMBAR,UDAIPUR,UDAIPUR,2021,74.0198027265509,24.179922138526596
51ca1567-8f40-424e-a2f8-ef651a529493,SARADA,SARADA,UDAIPUR,UDAIPUR,2021,73.82636151546079,24.275804364168344
2df5f4ca-9c01-4ff5-945e-f6adaf26788d,GIRWA,GIRWA,UDAIPUR,UDAIPUR,2019,73.66805721240469,24.442230391053005
8abd6676-84db-4292-8883-affc14fc9d4a,LOHAWAT,LOHAWAT,JODHPUR,JODHPUR,2021,72.63168695492445,26.987023632922675
885105ee-ca4f-4939-97cb-48f18d27d182,MANOHAR THANA,MANOHAR THANA,JHALAWAR,JHALAWAR,2019,76.7846425324015,24.279051580175683
f850ccd0-44c2-492b-bac8-5e89c7c21b56,DUNGARPUR,DUNGARPUR,DUNGARPUR,DUNGARPUR,2021,73.76984534462404,23.878257661194343
d23e0667-0973-4d1f-b9ca-49572cce6dc7,THANAGAZI,THANAGAZI,ALWAR,ALWAR,2021,76.28347513835507,27.356206518086744
1d60f7aa-aca3-4af8-b090-6b11c95aa93b,JAISALMER_RURAL,JAISALMER RURAL,JAISALMER,JAISALMER,2021,71.35721676656458,27.36908376952943
6170ff98-27aa-40f1-8d00-ef09059509d6,DANTA RAMGARH,DANTA RAMGARH,SIKAR,SIKAR,2019,75.21918818481552,27.335648319212083
a9be1b04-13f8-46c0-94d1-98dff854bed9,NAWA,NAWA,NAGAUR,NAGAUR,2021,75.07278589957104,27.060892897284212
18905162-7d83-4b1c-9e08-4e28b7b4b2e2,BHINMAL,BHINMAL,JALOR,JALOR,2019,72.09183982481836,25.125034820797634
d03830d2-464b-4e05-8d85-582b75b8bd77,VIRATNAGAR,VIRATNAGAR,JAIPUR,JAIPUR,2021,76.10002293286026,27.422734601216447
3faf6f24-2891-4606-ac67-58ed808bc349,BHAINSRORGARH,BHAINSRORGARH,CHITTAURGARH,CHITTAURGARH,2021,75.51037416158205,24.839483890994195
6653a2e7-2ee6-4702-a7b2-4d7f921c7b8c,LACHHMANGARH,LACHHMANGARH,SIKAR,SIKAR,2021,74.93938915581417,27.746407513547393
8b14d239-2751-4ee4-a7f0-9e5d1e6c360f,AHORE,AHORE,JALOR,JALOR,2021,72.8468536825564,25.510781048860824
70abaf57-f12b-4bb7-93dc-c95914f29942,SRIMADHOPUR,SRIMADHOPUR,SIKAR,SIKAR,2019,75.6401919795908,27.411529009313874
0bba4c5b-6eeb-4a84-bb50-b11891eea82f,SHRINAGAR_RURAL,SHRINAGAR RURAL,AJMER,AJMER,2021,74.78466705955519,26.40867433213584
4fa55d4f-9c80-4bfb-8d14-142a82a06e72,MAKRANA,MAKRANA,NAGAUR,NAGAUR,2021,74.56911540826668,27.050034839708335
21e0af3f-ba2c-4c88-9c06-0f50b2f26414,ASIND,ASIND,BHILWARA,BHILWARA,2019,74.37303784436583,25.73053534806432
55c58025-15f7-4f74-ab06-b5c8289cdc97,RAJSAMAND,RAJSAMAND,RAJSAMAND,RAJSAMAND,2021,73.8855590473641,25.09439986648807
d067e5be-d818-48ad-a355-367eb5da896e,SANKRA,SANKRA,JAISALMER,JAISALMER,2019,71.77094832472439,26.78930907288609
45321aef-04ab-43e3-9466-a7a6c3879352,RAWATSAR,RAWATSAR,HANUMANGARH,HANUMANGARH,2019,74.32601207617915,29.06854360356531
2a5a53f5-c90d-457d-ae62-714f0786ca97,MASOODA,MASOODA,AJMER,AJMER,2019,74.52190658592046,26.06042535689151
4f085f5b-9c7d-4a41-a766-aedaafd09153,RUPBAS,RUPBAS,BHARATPUR,BHARATPUR,2021,77.50101770351013,27.012137025938767
4c43ea48-bd9d-4370-99c4-43c53768ef7f,ANTAH,ANTAH,BARAN,BARAN,2019,76.38643814356864,25.223289941439425
d1df6f0e-0836-4707-8839-612733953129,UMREN,UMREN,ALWAR,ALWAR,2021,76.55741549251867,27.48511974647805
e558db7d-405f-42ab-821c-78619f33f73c,KHANDELA,KHANDELA,SIKAR,SIKAR,2019,75.59363180925132,27.54848925404068
f13a5a90-94a5-4b73-87a9-d65ef8785bc2,SAGWARA,SAGWARA,DUNGARPUR,DUNGARPUR,2019,73.99635486554857,23.71022993879005
8496ad52-3ce8-4abe-b435-7fab197f13f9,KAPASAN,KAPASAN,CHITTAURGARH,CHITTAURGARH,2019,74.35042295010919,24.86241776312589
cfbc2cd2-967d-4fb5-bc58-d70f9dcd71c2,GADRAROAD,GADRAROAD,BARMER,BARMER,2019,70.53140777318218,25.953045590530355
dadc0717-b8d7-4a33-904d-91715e57b052,SEWAR,SEWAR,BHARATPUR,BHARATPUR,2019,77.50974251599035,27.20396276427297
ac05b7b7-8629-4363-826a-7e54dab2b660,ARNOD,ARNOD,PRATAPGARH,PRATAPGARH,2021,74.83264311485239,23.740755374399154
9081f7fa-5992-45a1-a124-1f710dfed3ce,KARAULI,KARAULI,KARAULI,KARAULI,2021,77.1027105131016,26.547668270137553
73625ad9-798a-4076-a6bf-c12d80455ba7,ASPUR,ASPUR,DUNGARPUR,DUNGARPUR,2019,74.03138970030822,23.910862025215938
8eeb6310-543a-41bc-9273-4766d0edd226,BAMANWAS,BAMANWAS,SAWAI MADHOPUR,SAWAI MADHOPUR,2019,76.53259240029443,26.51364680963107
234322c8-ae8b-482b-b5a6-82763cd8207a,ASIND,ASIND,BHILWARA,BHILWARA,2021,74.37288756207737,25.73291365228035
3889d87b-4431-4e13-af47-33225e1478b9,KEKRI,KEKRI,AJMER,AJMER,2021,75.19384458194082,25.891753178333072
627e6fdc-7678-48fb-bc53-68953d7d2ef9,JALORE,JALORE,JALOR,JALOR,2021,72.64348165977351,25.263273636608275
f2b5cc2e-f7ac-48d2-bf5d-cc5421c8055d,KUMHER,KUMHER,BHARATPUR,BHARATPUR,2019,77.38342746136017,27.31144106634459
ef8618e0-c4a2-4964-9be7-38e7b72ae6c5,ASPUR,ASPUR,DUNGARPUR,DUNGARPUR,2021,74.03111403054372,23.911041052149912
52d06f07-b575-4d77-9d9f-efe2eb9d49a3,RANIWARA,RANIWARA,JALOR,JALOR,2021,72.17714438717705,24.805459162197497
06e3c70f-bd66-4c19-8c83-e96d21088284,CHAUTH KA BARWARA,CHAUTH KA BARWARA,SAWAI MADHOPUR,SAWAI MADHOPUR,2019,76.17183612537701,26.06644453444612
3c2d1ba6-73e6-494d-9c63-117525b8ece0,KHEENVSAR,KHEENVSAR,NAGAUR,NAGAUR,2019,73.31940357576912,27.076101324561474
399d376e-6474-4d39-a78d-160fdcf0c71e,KOTRA,KOTRA,UDAIPUR,UDAIPUR,2021,73.2187882491924,24.502575449121686
318da1ec-ae77-4a60-be83-4f04e88a3f66,DEGANA,DEGANA,NAGAUR,NAGAUR,2021,74.22741989105924,26.848463302760777
713fcfbb-3baa-4f3a-8e87-59d0c70103c5,MAVLI,MAVLI,UDAIPUR,UDAIPUR,2019,73.94371497713729,24.77440191302755
c29e5529-2ec0-4abb-91ad-7f080c3c3d23,ANANDPURI,ANANDPURI,BANSWARA,BANSWARA,2019,74.10274197738019,23.3817150861459
f7081ea0-01c9-46be-a0ff-e84f00b7abc9,SAYRA,SAYRA,UDAIPUR,UDAIPUR,2021,73.43500328766152,24.927286054358298
3ee243e4-898c-487b-8816-af11176545fe,DHORIMANNA,DHORIMANNA,BARMER,BARMER,2021,71.4545551513024,25.22222578369369
93ab1372-39e2-446c-839d-efb9336de0a9,SRIMADHOPUR,SRIMADHOPUR,SIKAR,SIKAR,2021,75.64019202292583,27.411529030994622
8c764e72-09ae-460f-8c6f-535c9c1a4621,BAMANWAS,BAMANWAS,SAWAI MADHOPUR,SAWAI MADHOPUR,2021,76.53259236570288,26.513646764806214
350b5817-faee-476c-8c32-6a4251cdbf68,SAMDARI,SAMDARI,BARMER,BARMER,2019,72.62260085398846,25.78437991449532
a0361549-e77d-4822-8f73-11e6071d19bf,BIDASAR,BIDASAR,CHURU,CHURU,2019,74.1217656198857,27.720825538795534
899a5662-19f4-4d9b-8818-88ce9777dfb4,BUHANA,BUHANA,JHUNJHUNUN,JHUNJHUNU,2019,75.87518429903182,28.179603514144585
c5af7673-6a13-48c0-9de5-d917a02f3479,PATODI,PATODI,BARMER,BARMER,2021,72.2642739901285,26.11513276605897
a49e380a-619a-4549-af27-553519025105,JHUNJHUNU,JHUNJHUNU,JHUNJHUNUN,JHUNJHUNU,2019,75.35572475941221,28.090325675403953
04fe3ccd-638f-4a04-991b-f4e9b97e51dd,RAJGARH,RAJGARH,ALWAR,ALWAR,2021,76.46123167780728,27.21118317966119
c13af64c-df4f-4549-9dda-3239d56b2b73,CHHOTISARVAN,CHHOTISARVAN,BANSWARA,BANSWARA,2021,74.64701250002717,23.555057070275538
7d62a238-4d9f-42f3-bd43-4089bd5b026b,DIDWANA,DIDWANA,NAGAUR,NAGAUR,2019,74.53806273192075,27.360476276808654
4ca45122-5718-4e0c-9a64-97c5feddc114,CHIRAWA,CHIRAWA,JHUNJHUNUN,JHUNJHUNU,2019,75.55706570470291,28.20931736791346
b38f34d0-ca7b-43e5-a614-e8eaf1450004,ATRU,ATRU,BARAN,BARAN,2021,76.58821733572746,24.82790708177381
35ff88d1-7d74-4486-9d87-e3dbbdbe2818,BILARA,BILARA,JODHPUR,JODHPUR,2019,73.61912187287223,26.220787773212948
cf2f410a-045b-4662-adee-0a93c2e37b3a,NIMBAHERA,NIMBAHERA,CHITTAURGARH,CHITTAURGARH,2019,74.7294105050053,24.64791379454317
f514e648-f715-414c-a915-6bb16be64772,RASHMI,RASHMI,CHITTAURGARH,CHITTAURGARH,2019,74.41000198341973,25.078199084593187
23ba1308-3079-4e5f-a7ef-97f33e507ef8,NAGAR,NAGAR,BHARATPUR,BHARATPUR,2019,77.0724810377779,27.493348804459533
eecf460a-7394-418f-8fb3-5027b0bc7399,MANOHAR THANA,MANOHAR THANA,JHALAWAR,JHALAWAR,2021,76.78464251695414,24.279051598603903
0f96b8cb-3695-4b0f-b443-0699eb738f6e,KOTPUTLI,KOTPUTLI,JAIPUR,JAIPUR,2019,76.16529340445204,27.735510427685913
5ca79fdd-4e50-4891-bd1f-017c6d948a7f,OSIAN,OSIAN,JODHPUR,JODHPUR,2021,72.87752119363309,26.787438110361915
39f0a2a5-07f1-4ee5-ac4f-931b041a2b88,TONK,TONK,TONK,TONK,2019,75.76760662058457,26.199580675392976
8c7547a0-8daa-4882-b08c-7234ec56e466,DECHOO,DECHOO,JODHPUR,JODHPUR,2019,72.26012418990923,26.77389747491109
9e0acc4c-6adb-4340-a04f-1250493a2890,AHORE,AHORE,JALOR,JALOR,2019,72.84685367754531,25.51078109986428
696404bd-74f3-4d2c-9e2c-e0b5d65877d3,JAMWA RAMGARH,JAMWA RAMGARH,JAIPUR,JAIPUR,2021,76.09141877389153,27.062573389583488
c3537a19-25f7-4737-b646-eb1fe8ff5fcb,BIJOLIYAN,BIJOLIYAN,BHILWARA,BHILWARA,2021,75.32124729175557,25.166021832841093
2d85a66f-d721-45ae-b7b2-9ec9b1c34b1e,TARANAGAR,TARANAGAR,CHURU,CHURU,2021,74.9624856490704,28.70455269359522
c317e2c2-4b95-40ee-8d59-a57b33fbdd85,NIWAI,NIWAI,TONK,TONK,2019,75.97181251886221,26.396789534922853
3418e684-23f5-4602-a430-54fd3c0e0745,ANANDPURI,ANANDPURI,BANSWARA,BANSWARA,2021,74.10274194758136,23.381715060148228
04ec8581-4773-466b-8f2c-2634041590f9,SABLA,SABLA,DUNGARPUR,DUNGARPUR,2019,74.20573345698674,23.879355459110972
6c1d2ebc-e63f-4c13-b9c5-21af085ec04e,RANIWARA,RANIWARA,JALOR,JALOR,2019,72.17714434689427,24.80545914735594
eeeb813c-5fa4-4233-bec9-848f5986cb00,BHADESAR,BHADESAR,CHITTAURGARH,CHITTAURGARH,2021,74.45574145131947,24.701375154137043
783c9942-89b9-4ac0-83d0-195d82a59069,GANGANAGAR,GANGANAGAR,GANGANAGAR,GANGANAGAR,2019,73.81504994773,29.933060263435795
1b06f83b-8ba4-416d-afcd-9f92780a1942,SUMERPUR,SUMERPUR,PALI,PALI,2019,73.10581802322416,25.3101261003728
7b773e8b-b2dd-4486-8301-e99c67ac9c27,RUPBAS,RUPBAS,BHARATPUR,BHARATPUR,2019,77.50097192773801,27.01178966864831
03b7deba-2487-451e-87bd-9f7dc4946fcb,CHHOTISARVAN,CHHOTISARVAN,BANSWARA,BANSWARA,2019,74.64701249352424,23.555057083307567
9471f315-7329-4069-8e90-6751fe272972,BICHHIWARA,BICHHIWARA,DUNGARPUR,DUNGARPUR,2019,73.59041920600569,23.792717686335592
8c0aeb77-8d29-4c11-8333-7209d9e7bc50,BHINAY,BHINAY,AJMER,AJMER,2019,74.79668226843788,26.01286860007057
ab1cf725-8835-4e30-8df0-0406d1541eda,RISHABHDEV,RISHABHDEV,UDAIPUR,UDAIPUR,2019,73.67042032824781,24.082256992931722
67f98f70-c47e-4d9d-b363-b3c04ba91506,JAWAJA,JAWAJA,AJMER,AJMER,2019,74.17368879868619,25.939331178937056
f6e48416-3664-4150-83d3-a0bd7ab181bd,MOLASAR,MOLASAR,NAGAUR,NAGAUR,2021,74.65669720397584,27.267466155119028
6bf576ca-dae3-4308-888f-5471385f8ba8,MANDAWAR,MANDAWAR,ALWAR,ALWAR,2019,76.52048572502721,27.872096253910488
0a820af5-f5e6-4bae-846c-3c612f41e3ee,TIJARA,TIJARA,ALWAR,ALWAR,2019,76.85804698614342,28.003921038536017
8927a896-f602-4dda-beba-823bc3b0f624,DHAULPUR,DHAULPUR,DHAULPUR,DHAULPUR,2021,77.8973423567963,26.73168253604904
bba73380-92a2-41ae-b8a0-7d63e5657890,GALIAKOT,GALIAKOT,DUNGARPUR,DUNGARPUR,2021,73.97503575046099,23.543190866189686
22a01382-d5e6-4e62-89c7-51d7f28f9a7c,JAISALMER,JAISALMER,JAISALMER,JAISALMER,2019,71.35479106421411,27.366528018552597
94e02cae-a864-41a8-9239-36ea528421af,CHAKSU,CHAKSU,JAIPUR,JAIPUR,2019,75.97239605725973,26.61601600309028
8f319f35-c0d8-4f39-b24b-e482cd7a47e7,TODARAISINGH,TODARAISINGH,TONK,TONK,2021,75.46356609817597,26.083748580192356
1ab317ca-70ed-42d3-be22-97fb88297097,ABU ROAD,ABU ROAD,SIROHI,SIROHI,2019,72.80383779823272,24.499083673223005
e57843b5-fa8b-4391-a89f-46013b0a028a,LUNKARANSAR,LUNKARANSAR,BIKANER,BIKANER,2019,73.64856392961562,28.661108312730804
3b16617a-5e3e-42b2-b6ee-0d23505b9802,JAYAL,JAYAL,NAGAUR,NAGAUR,2019,74.09256229244384,27.27300334388657
c7d38420-a275-4b99-90c9-3e9e292e1c40,PEESANGAN_RURAL,PEESANGAN RURAL,AJMER,AJMER,2021,74.50932567542836,26.35860451822791
0e1279c8-cb45-48ff-b286-d8b7fa71c0f4,SARWAR,SARWAR,AJMER,AJMER,2021,74.99711332912749,26.078648561675784
dfe10ba6-7920-4a8e-ada0-d7a2e3ef101b,JAHAZPUR,JAHAZPUR,BHILWARA,BHILWARA,2019,75.25220900877825,25.581542354077836
e08832f7-cabb-4c5a-96ad-5646b238307b,SAYLA,SAYLA,JALOR,JALOR,2019,72.294920024107,25.331873951475867
3b79de69-1015-43b7-b426-a29924437fef,ARTHOONA,ARTHOONA,BANSWARA,BANSWARA,2021,74.11005263698392,23.500706049732763
32d89417-49f1-417c-8053-35c1fa87701f,DUNGARPUR,DUNGARPUR,DUNGARPUR,DUNGARPUR,2019,73.76984542406613,23.878257602708448
1055dc2c-8556-404e-9b0c-f879f343295a,CHOHTAN,CHOHTAN,BARMER,BARMER,2021,70.97083254651207,25.442157885660677
c0abc75f-8542-4c7a-b8bb-825e265f9b27,BHAINSRORGARH,BHAINSRORGARH,CHITTAURGARH,CHITTAURGARH,2019,75.51037414376846,24.839483887895433
889b0cbf-c1b9-4971-9dc1-10d1c2ca80e6,LOHAWAT,LOHAWAT,JODHPUR,JODHPUR,2019,72.63168698216802,26.987023667575528
86d6b667-6c33-4c61-ac6f-62f100c60afd,SAJJANGARH,SAJJANGARH,BANSWARA,BANSWARA,2021,74.31057616494007,23.21617057312839
9bae7546-ae24-4bf8-9e8a-f69bb391292f,CHAKSU,CHAKSU,JAIPUR,JAIPUR,2021,75.97239606845925,26.616016034123483
8b4d6b3c-d962-4766-90c7-062e032f8f84,DECHOO,DECHOO,JODHPUR,JODHPUR,2021,72.26012414718545,26.773897449109555
bb04d3bd-0c00-4be4-9446-19ee86bf66af,KHANPUR,KHANPUR,JHALAWAR,JHALAWAR,2019,76.36561795841843,24.67140703537934
ad29791a-c754-4da8-b6b4-10f1e3b9b6d9,SURAJGARH,SURAJGARH,JHUNJHUNU,JHUNJHUNU,2021,75.7174529384199,28.343318501539446
40206d76-b067-472a-8b97-06a6317face2,BHAWANI MANDI,BHAWANI MANDI,JHALAWAR,JHALAWAR,2021,75.86900542217758,24.31842655276158
7ecdbded-5142-4d23-bfab-7e2dbc7a4b51,SEMARI,SEMARI,UDAIPUR,UDAIPUR,2021,73.86893012892297,24.07077219197146
b8d5d7ec-58ef-4333-80b9-c28bad6813dd,FATEHPUR,FATEHPUR,SIKAR,SIKAR,2021,74.95702320895502,28.022738721140986
6da1f811-7118-42bc-aab8-4f5678f62900,JAITARAN,JAITARAN,PALI,PALI,2019,74.02061144685781,26.291906234304943
40c4d5b4-d226-4544-8ef9-5146615d5fdb,GHADSANA,GHADSANA,GANGANAGAR,GANGANAGAR,2021,72.97826688056887,28.899974014667425
3f0f723c-d6eb-42fa-9cdd-11847d3e8c40,SARADA,SARADA,UDAIPUR,UDAIPUR,2019,73.82512942949872,24.276636632028737
7e97de6f-7eb8-47c4-9ec9-68f88fd8e15c,TALWARA,TALWARA,BANSWARA,BANSWARA,2021,74.35241881459561,23.55629303239205
719c96c0-6559-45d9-aa61-e56a9b8e8edf,BHOPALSAGAR,BHOPALSAGAR,CHITTAURGARH,CHITTAURGARH,2019,74.19868576307866,24.82159052332647
4176a15d-1a09-4224-b677-15e38dc02153,WEIR,WEIR,BHARATPUR,BHARATPUR,2019,77.10886776032694,27.049506230994638
ee8dc089-0d0d-4a76-8e3c-4763a6d931ed,TONK,TONK,TONK,TONK,2021,75.76760661574961,26.1995806653133
e5284d47-0494-4e23-a0c4-882f61695219,KUSHALGARH,KUSHALGARH,BANSWARA,BANSWARA,2019,74.512102060473,23.21215262667209
50b7c146-2fc3-46e0-8787-b0e00daf689c,BHIM,BHIM,RAJSAMAND,RAJSAMAND,2019,74.04507791974856,25.700565003660913
384e1bf5-7fb0-4df7-97f4-a432ff54f678,RANI STATION,RANI STATION,PALI,PALI,2019,73.40405798397231,25.46274508291214
41c47034-53ee-4b5a-9da8-218f2afe4207,BAKANI,BAKANI,JHALAWAR,JHALAWAR,2019,76.2826625674298,24.338671418404086
7c8b1120-6aaf-42c6-86c5-b8d633c806fa,BARAN,BARAN,BARAN,BARAN,2021,76.50573316743267,25.099820279420065
ee22299c-899b-4b94-90e7-6bb6d309fbff,JAHAZPUR,JAHAZPUR,BHILWARA,BHILWARA,2021,75.25225503651433,25.581136861708416
48b35276-6056-4653-be66-ab3aaa14e0c6,DHANAOO,DHANAOO,BARMER,BARMER,2019,71.11977097862093,25.247731937488044
acbd61ac-d4bf-450c-9ae6-e9bac5f08fc6,CHHOTI SADRI,CHHOTI SADRI,PRATAPGARH,PRATAPGARH,2021,74.668477031792,24.367433723639905
3d6ce829-c5b7-4551-825c-b48ddd6a54e2,GOVINDGARH,GOVINDGARH,JAIPUR,JAIPUR,2019,75.67003715152694,27.23360006111343
fedf78d4-0948-458a-a8ed-71380d99a98c,DEOGARH,DEOGARH,RAJSAMAND,RAJSAMAND,2019,73.97360893173739,25.505478020465155
e77d9414-e4c1-4555-b07f-6895359d67ac,BANERA,BANERA,BHILWARA,BHILWARA,2021,74.68030595940907,25.58943261154415
5e777010-8309-4c11-9cb8-7f03b1fa035c,MANDALGARH,MANDALGARH,BHILWARA,BHILWARA,2021,75.10347140571614,25.25746146919968
a29e84f8-8269-410f-a141-d33a6a16f5c1,PANCHOO,PANCHOO,BIKANER,BIKANER,2021,73.25885343078653,27.512129948560286
5ba1852d-3947-438d-b75b-8d71718444d8,DHANAOO,DHANAOO,BARMER,BARMER,2021,71.11977097798997,25.2477319460765
6d1576e1-a173-4b6a-92d6-ec23fa6d351e,LACHHMANGARH,LACHHMANGARH,SIKAR,SIKAR,2019,74.93938916175897,27.746407521295918
5e5b1f2b-0632-4fdc-b884-f4a996e5fbbe,HINDOLI,HINDOLI,BUNDI,BUNDI,2021,75.54346553509373,25.54472552826473
816ba38d-6ace-4c67-8029-89ebe2432778,BARMER,BARMER,BARMER,BARMER,2021,71.39716262892951,25.768238324502626
21ef0a8d-3978-4154-b73f-fd43e78585b8,BAYTOO,BAYTOO,BARMER,BARMER,2021,71.69728145563707,25.951281505296155
a6acc4f2-c5eb-422c-833a-2ea51ae109e6,BHADESAR,BHADESAR,CHITTAURGARH,CHITTAURGARH,2019,74.45574146122648,24.701375174487463
e024a1fa-f646-4b6f-8175-2cbfb0b61abb,BHADRA,BHADRA,HANUMANGARH,HANUMANGARH,2019,75.18483117735028,29.060778714693043
daa98907-0bd0-4256-9274-2ff1ae919f5d,KISHANGARH,KISHANGARH,AJMER,AJMER,2019,74.88778353910678,26.69325109019809
6c44d710-02d1-4593-adf8-5004030b8844,ABU ROAD,ABU ROAD,SIROHI,SIROHI,2021,72.80383784014072,24.499083661924477
5400d45d-019a-45eb-98e5-3754d3fd49cb,SHEO,SHEO,BARMER,BARMER,2021,71.33386877687899,26.249412733340897
184d5a0e-ac81-4e13-b081-df70acf3e955,GHADSANA,GHADSANA,GANGANAGAR,GANGANAGAR,2019,72.97826686076567,28.899974037248413
c027c518-6372-4dd7-8a79-ddf2bdced8cf,SAPOTRA,SAPOTRA,KARAULI,KARAULI,2021,76.7677173875836,26.271879429089708
b6d27386-64df-4aa9-a1cf-ad9fbeadbf37,DOVRA,DOVRA,DUNGARPUR,DUNGARPUR,2019,73.86381761604446,23.847990409555987
2733029f-4097-4e04-a84b-3dc7d5ac9a22,KISHANGARH BAS,KISHANGARH BAS,ALWAR,ALWAR,2021,76.72420122789649,27.758877287728865
7aaf2dca-f02c-4c8f-857d-8e5cf26d2118,ANUPGARH,ANUPGARH,GANGANAGAR,GANGANAGAR,2019,73.21452966737044,29.16805815731328
94d3959f-4c58-44ec-be1a-7197f36cf82b,PEESANGAN,PEESANGAN,AJMER,AJMER,2019,74.51364678478205,26.360847505781994
331366a9-b4b4-4a93-9b26-0852134e542b,RAIPUR,RAIPUR,BHILWARA,BHILWARA,2019,74.16642499577394,25.365489191731385
a5415864-889e-4725-a451-995f03d86811,JALORE,JALORE,JALOR,JALOR,2019,72.64348167125031,25.263273697421383
4e7f9b25-bb08-4784-950b-6f52b497dbb2,JASWANTPURA,JASWANTPURA,JALOR,JALOR,2021,72.43799786363712,24.98845730039431
ae61c779-8715-4e6c-8cca-7c7c57df6733,SAMDARI,SAMDARI,BARMER,BARMER,2021,72.6226008994503,25.78437991728679
68c06cab-2773-4b2c-a00f-ac9dc5a9e0a7,GARHI,GARHI,BANSWARA,BANSWARA,2019,74.20410066539014,23.641827452722538
d4828392-a2b6-436b-beab-33915aa45bf7,NOKHA,NOKHA,BIKANER,BIKANER,2021,73.64325913170185,27.683810566917774
ca4b2cf3-0fe4-4c6a-8163-05c1dca5cf5c,PHALODI,PHALODI,JODHPUR,JODHPUR,2021,72.4237328782404,27.142593778641213
05941748-9196-4161-8015-5b569d8b7f07,BEGUN,BEGUN,CHITTAURGARH,CHITTAURGARH,2021,75.00249310339184,25.0116146605071
b203d180-6298-4307-b517-2219a8ee1dd2,ALSISAR,ALSISAR,JHUNJHUNU,JHUNJHUNU,2021,75.2426360096066,28.263445839327336
9a4fe0d3-987d-484b-bc42-a59e26879414,TALERA,TALERA,BUNDI,BUNDI,2019,75.66198851484471,25.185676062204095
a20c1979-7361-475a-935c-8e0a21fef282,NADBAI,NADBAI,BHARATPUR,BHARATPUR,2019,77.22035091465679,27.195431602129037
31185f05-444e-44c9-95dc-8496516d8c35,SHERGARH,SHERGARH,JODHPUR,JODHPUR,2021,72.24835999311057,26.4045273134028
99406d56-6ed4-4d55-8313-837e4325e9bc,KUCHAMAN CITY,KUCHAMAN CITY,NAGAUR,NAGAUR,2019,74.93851023451585,27.218174898707872
a2d40932-417b-4c15-828c-372fc5e7817f,CHAUTH KA BARWARA,CHAUTH KA BARWARA,SAWAI MADHOPUR,SAWAI MADHOPUR,2021,76.17183615291057,26.066444512172254
dfca8559-7856-49d4-a1dd-f741ca274db8,BALI,BALI,PALI,PALI,2019,73.23597400029374,25.04809894956946
6cc3f910-c508-44a1-8b0d-bc076acca884,SAHARA,SAHARA,BHILWARA,BHILWARA,2019,74.25596277546221,25.206498276753663
faf87801-4fe4-4bce-9cac-61e6fbdbcfdf,KHETRI,KHETRI,JHUNJHUNU,JHUNJHUNU,2021,75.79843996097607,27.971508706468924
6ee922d2-d826-4951-9959-c8040bba8508,BUNDI,BUNDI,BUNDI,BUNDI,2021,75.6336960877879,25.359402967695527
af1f1e37-9dea-4377-a2e0-35645128e7f7,DUNGARGARH,DUNGARGARH,BIKANER,BIKANER,2021,74.00972186536865,28.068497192788296
a0617a2c-ac66-4719-8137-4141c196d85f,VIRATNAGAR,VIRATNAGAR,JAIPUR,JAIPUR,2019,76.10002289857613,27.422734563493076
063c5586-9b86-4152-a524-b8e12d6d446a,HINDAUN,HINDAUN,KARAULI,KARAULI,2019,77.05714438724753,26.726809609794017
1f67ff9f-e257-4416-9cfe-f9f926a8e346,KHAIRABAD,KHAIRABAD,KOTA,KOTA,2021,75.9468142120719,24.708631760126277
552b0ff9-05aa-4fbd-b5d5-2f9a4d155d8c,NIMBAHERA,NIMBAHERA,CHITTAURGARH,CHITTAURGARH,2021,74.72941045930523,24.64791378071474
2a1ee31c-d53c-423a-a6c6-8572b502dc74,RASHMI,RASHMI,CHITTAURGARH,CHITTAURGARH,2021,74.41000199388623,25.078199094621713
d9711b2e-af1c-408f-9b05-4aaf2ff047f5,PAOTA,PAOTA,JAIPUR,JAIPUR,2021,76.07193666828691,27.59883743512551
a15fb699-15ee-47c8-bb14-0f4340aeae9d,TIWARI,TIWARI,JODHPUR,JODHPUR,2021,72.85031768337454,26.56896774841262
0449bf88-373d-4ad3-8915-9fb6c3a67b2e,UDAIPUR_URBAN,UDAIPUR URBAN,UDAIPUR,UDAIPUR,2021,73.70057655621025,24.582285889887313
815db9f8-fdef-44d8-8417-49ab7e2851de,PADAMPUR,PADAMPUR,GANGANAGAR,GANGANAGAR,2019,73.69270558983857,29.664577077425832
ebce5a49-8666-4a51-a661-c3ef3c291f3e,PHALASIYA,PHALASIYA,UDAIPUR,UDAIPUR,2019,73.35838223367682,24.213922208018406
f6619161-c74f-4849-9c46-64a078c64bb1,BANSWARA,BANSWARA,BANSWARA,BANSWARA,2019,74.48396807757416,23.467631027581923
bfea0bbc-da7e-4c3c-a50d-e46c658fd4c9,CHHOTI SADRI,CHHOTI SADRI,PRATAPGARH,PRATAPGARH,2019,74.66847702382277,24.367433736445065
02c8076a-2b2d-43f7-9be1-3762c6d8237e,KUMBHALGARH,KUMBHALGARH,RAJSAMAND,RAJSAMAND,2021,73.66812655276284,25.172973037249665
0eeadaec-357b-456a-b535-e9893f91b73e,KURAWAR,KURAWAR,UDAIPUR,UDAIPUR,2021,73.92877037808417,24.441563613029107
bf3540cd-a9da-4c3b-a013-e6ef39bc5d46,BARGAON,BARGAON,UDAIPUR,UDAIPUR,2019,73.66005360262393,24.716436134524596
df77a2b8-e75f-4245-8ac8-870df8b50998,AMET,AMET,RAJSAMAND,RAJSAMAND,2021,73.96354211634872,25.279426053832285
45133f3f-2bae-49c1-b81c-b1bb62646d3e,SERWA,SERWA,BARMER,BARMER,2021,71.17427037623291,24.935256643799168
54bb662a-c259-4ff3-811d-fffd280d0cb1,JALSOO,JALSOO,JAIPUR,JAIPUR,2019,75.6608727652819,27.082158563047106
04dbab80-1086-424c-9bb6-3426721b72aa,GOGUNDA,GOGUNDA,UDAIPUR,UDAIPUR,2021,73.48956680371694,24.684597318298323
055ea5c9-8aa1-4769-89a7-08873809aeda,BASSI,BASSI,JAIPUR,JAIPUR,2021,76.08053240021779,26.822409431408445
b46eadf7-8902-4a47-bc3b-e220b79849c2,LAXMANGARH,LAXMANGARH,ALWAR,ALWAR,2019,76.8744711797434,27.405259557270508
f850b263-ca80-4705-bacc-30b3645aa8c6,NOKHA,NOKHA,BIKANER,BIKANER,2019,73.64325916105793,27.68381056410199
44a067fa-68be-4c5d-b8c2-9d75aa5a8cfa,BUNDI,BUNDI,BUNDI,BUNDI,2019,75.63369611687197,25.359402996032475
2e23bf97-7f62-40f2-aa54-216232e730bd,KOTRI,KOTRI,BHILWARA,BHILWARA,2019,74.93547480092953,25.37524242205611
a5cadb18-f101-443a-86f3-2dbc1489e8b6,KHETRI,KHETRI,JHUNJHUNUN,JHUNJHUNU,2019,75.79843996732606,27.9715086705981
f71a0acf-b7c5-40df-b73f-192b9fbcdf53,JAYAL,JAYAL,NAGAUR,NAGAUR,2021,74.09256228889802,27.273003336659393
57c65fe1-4838-4be6-9431-1da585662c6a,SARWAR,SARWAR,AJMER,AJMER,2019,74.99711333374675,26.07864857574273
8ee31d82-ce4c-4503-a507-7d3ffa53a9d9,SHEO,SHEO,BARMER,BARMER,2019,71.33386874870793,26.249412719238734
5de23b1e-82df-45fe-9b60-0d82b838f76b,SANKRA,SANKRA,JAISALMER,JAISALMER,2021,71.77094833702816,26.789309093904848
2974714f-8ddf-476e-a7ca-fea7e4d76402,MANDAWAR,MANDAWAR,ALWAR,ALWAR,2021,76.52070369858336,27.871965392498222
28134922-1a0e-44fa-b271-1be9882dfdd4,SRI VIJAYNAGAR,SRI VIJAYNAGAR,GANGANAGAR,GANGANAGAR,2021,73.50079155337241,29.222593458103898
28496fb0-90aa-4602-8e89-2ad18b8bf6ec,SAWAI MADHOPUR,SAWAI MADHOPUR,SAWAI MADHOPUR,SAWAI MADHOPUR,2019,76.38634908307003,26.08083500849043
f3c55a1c-eee7-45d9-b8b6-ccec93c30059,KARAULI,KARAULI,KARAULI,KARAULI,2019,77.10271057907916,26.547668297605405
9d9bed70-9935-4b5c-8244-367979d7b934,RENI,RENI,ALWAR,ALWAR,2019,76.72423667445885,27.206070496339514
2e9d3c9e-b9b9-4bed-aa96-8bb1dec85836,KOLAYAT,KOLAYAT,BIKANER,BIKANER,2021,72.54506748222192,27.920184274202185
ff344227-b885-4bc9-960e-27cc79cb7742,RANI STATION,RANI STATION,PALI,PALI,2021,73.40405796662009,25.462745095025443
2ba2741c-755d-4794-a0f7-0f1ca313d595,PIRAWA,PIRAWA,JHALAWAR,JHALAWAR,2021,76.02912235427397,24.254922053761153
a76ee78a-65a8-4027-90b7-9cff7cc3c2d3,BAKANI,BAKANI,JHALAWAR,JHALAWAR,2021,76.28266255762911,24.33867144910442
a22aa212-c116-47ee-8bb0-4def979854b0,KHANPUR,KHANPUR,JHALAWAR,JHALAWAR,2021,76.36561792516498,24.671407041053385
9bfb78cf-5aa7-4901-8941-6919848ce9ce,JHOTWARA,JHOTWARA,JAIPUR,JAIPUR,2019,75.68387379997235,26.929444799593245
3615fe04-5e64-4feb-885b-eaeb341521a3,LADPURA_RURAL,LADPURA RURAL,KOTA,KOTA,2021,75.89686538701392,25.040303963140598
9a183077-baa2-4b7c-9b38-0ba12dd61ce8,RAJSAMAND,RAJSAMAND,RAJSAMAND,RAJSAMAND,2019,73.88548802977981,25.095806773898317
0773479e-3414-4d02-8999-6fd7a75d5fe8,BAGIDORA,BAGIDORA,BANSWARA,BANSWARA,2021,74.31168308922017,23.4080477886783
8ba8c8ec-c22a-4a87-bae1-07f66ddabbc3,SIROHI,SIROHI,SIROHI,SIROHI,2021,72.70817701555221,24.872469941854945
2a38272f-9c6d-499f-8027-be91b5bcc678,KOTKASIM,KOTKASIM,ALWAR,ALWAR,2019,76.70174450067032,27.986789397058466
e55b1d31-7e83-4fb5-b382-c1a8484da95a,KHANDELA,KHANDELA,SIKAR,SIKAR,2021,75.59363183895861,27.54848925506632
c373fe05-c6c5-4baa-b52e-9f25a56c22c0,LADNU,LADNU,NAGAUR,NAGAUR,2019,74.44056099919683,27.533254480492683
73bde824-95d3-41e0-b7f2-162b1c1bb4b1,KHEENVSAR,KHEENVSAR,NAGAUR,NAGAUR,2021,73.3194035297231,27.076101323130498
15096206-57f9-490a-ae5c-5337952e88fe,SEMARI,SEMARI,UDAIPUR,UDAIPUR,2019,73.86883359490928,24.070623772463545
4a5ce79a-74a5-45dd-912e-62e3e599e3e5,JHALRAPATAN,JHALRAPATAN,JHALAWAR,JHALAWAR,2019,76.19863983895037,24.546620434726137
4bd74648-bf97-4e92-825f-b209569116b9,AMET,AMET,RAJSAMAND,RAJSAMAND,2019,73.96259480600727,25.27929705429049
d473884a-9ab5-449b-b970-e02018681766,DEEG,DEEG,BHARATPUR,BHARATPUR,2021,77.29471727994184,27.462377250033438
e4dab6b2-2468-4525-b4be-6a8ae9efec41,MANDAL,MANDAL,BHILWARA,BHILWARA,2021,74.32622568758954,25.50304583999588
82e5442a-362a-48f9-8407-096d9aabf5c7,PEEPALKHOONT,PEEPALKHOONT,PRATAPGARH,PRATAPGARH,2021,74.64387208183169,23.813156934351642
ba79283a-559b-4a69-8b40-ac33e3f2fa64,PRATAPGARH,PRATAPGARH,PRATAPGARH,PRATAPGARH,2021,74.73417805094452,24.09925063181015
ea0725a0-ff55-4c5b-a817-5ca3967a1392,DUNGARGARH,DUNGARGARH,BIKANER,BIKANER,2019,74.00972186925337,28.068497165962246
de811ca5-3d57-434e-aa69-5055d34a8e47,BHAWANI MANDI,BHAWANI MANDI,JHALAWAR,JHALAWAR,2019,75.86900542964136,24.31842658152381
64eaee69-9fa2-491b-8ef1-4f84bf07e36d,BARMER,BARMER,BARMER,BARMER,2019,71.39733718645326,25.767264492764966
c901c97a-1113-4a1f-929d-4238fa7d93a5,MANDRAIL,MANDRAIL,KARAULI,KARAULI,2021,77.106185334145,26.30133956393956
b486c2f8-fe7b-4fe3-98ad-0d3f1f65d532,KHANDAR,KHANDAR,SAWAI MADHOPUR,SAWAI MADHOPUR,2019,76.5813214131216,25.98294575801887
5e4b0fdb-2ace-419f-8e6f-067c71c98fd4,NAGAR,NAGAR,BHARATPUR,BHARATPUR,2021,77.07248099981307,27.49334886419552
f8a9f2cf-caa2-4ec5-ad49-83be51271798,BAPINI,BAPINI,JODHPUR,JODHPUR,2021,72.93263561305628,27.058615334113078
48c15ccc-0f27-4ba1-a39f-f6fd27656e04,BALESAR,BALESAR,JODHPUR,JODHPUR,2019,72.60720180529796,26.407436403012646
8357aba1-9a24-4262-96fa-6ccd528b1345,PAHARI,PAHARI,BHARATPUR,BHARATPUR,2021,77.10306861069796,27.69881499701859
daf186fa-81c3-4224-bb38-d63299fef046,TIBI,TIBI,HANUMANGARH,HANUMANGARH,2021,74.51286901943517,29.539765009823004
63ec2a56-4bda-4db0-83d3-7a52cc69ba1c,ARAIN,ARAIN,AJMER,AJMER,2019,75.0433832805891,26.34872765800971
1177dfe1-d132-4bfe-ba49-0f43f3e7c4c7,JHALARA,JHALARA,UDAIPUR,UDAIPUR,2019,74.14171460616285,24.064310820648938
68accd4b-c1e1-41d1-a9af-bde01f13a5ec,PIRAWA,PIRAWA,JHALAWAR,JHALAWAR,2019,76.02912235617528,24.25492203060203
a02bbf48-1670-4d99-977d-c8d6017bea18,PHALASIYA,PHALASIYA,UDAIPUR,UDAIPUR,2021,73.35838223867736,24.213922269104554
fa1164f8-3221-4e70-9c69-25176f332f8d,KESHORAI PATAN,KESHORAI PATAN,BUNDI,BUNDI,2021,76.10021706653346,25.521349627036585
fea9b610-51ca-4cf4-94b8-ab7000b3bb70,NAINWA,NAINWA,BUNDI,BUNDI,2021,75.93844086308565,25.705331494985874
a2efa418-1cb7-4455-94a7-8b7f01742897,AKLERA,AKLERA,JHALAWAR,JHALAWAR,2019,76.51644553051369,24.331826765083377
102f2ca7-7d0f-4d68-8da5-26e9b7b4d813,RATANGARH,RATANGARH,CHURU,CHURU,2019,74.56280462174833,28.075118080149142
c9950d55-4976-450a-ad5e-48d9e79365f3,KEKRI,KEKRI,AJMER,AJMER,2019,75.19384454881236,25.89175319298539
21f999ae-c557-4829-a685-549caebd3ebd,SABLA,SABLA,DUNGARPUR,DUNGARPUR,2021,74.20526173487555,23.87932260747295
9b64d8eb-c321-46bb-83d1-373e5abba4b2,ALSISAR,ALSISAR,JHUNJHUNUN,JHUNJHUNU,2019,75.24263602292577,28.26344586050183
12ba995a-3a74-4a5b-ade7-44ebf30e636c,SAWAI MADHOPUR,SAWAI MADHOPUR,SAWAI MADHOPUR,SAWAI MADHOPUR,2021,76.38634903945224,26.08083502468645
a10e5443-0248-4ba7-a1c6-6e3bbbd60373,DUDU,DUDU,JAIPUR,JAIPUR,2021,75.23318742419951,26.747739362531277
edca51b2-6f3c-4992-8e35-12300ed97c33,CHHABRA,CHHABRA,BARAN,BARAN,2021,76.9074120267358,24.64470422709208
dd1388dd-57d6-4ac2-960c-f7b5d7d016e1,SUMERPUR,SUMERPUR,PALI,PALI,2021,73.10581800360184,25.310126023544477
428a1443-e420-4c94-b0c7-7b67910ac412,BEHROR,BEHROR,ALWAR,ALWAR,2019,76.27726960314001,27.911371260075807
27ccec65-8261-4042-8328-ec520d3731d8,MAVLI,MAVLI,UDAIPUR,UDAIPUR,2021,73.94190148091259,24.775305057713663
98ccb488-74c9-4484-b722-98c0f43f09ee,SHERGARH,SHERGARH,JODHPUR,JODHPUR,2019,72.24835997782093,26.40452731611266
d0c8252d-d8ae-4bea-86bd-d02c8d3e6cc0,KHAIRABAD,KHAIRABAD,KOTA,KOTA,2019,75.94681419339236,24.708631687106223
b2657385-3339-4a8c-b917-888bd367dab2,NADOTI,NADOTI,KARAULI,KARAULI,2019,76.69368126123692,26.709155666797457
48f6d291-c2df-46a8-950e-feb1eb004294,MANDRAIL,MANDRAIL,KARAULI,KARAULI,2019,77.10692135789719,26.301967093627518
59a703b4-58f6-4fdc-b52e-0a1187615459,MANDOR,MANDOR,JODHPUR,JODHPUR,2019,73.05852148080831,26.340898682163473
a157f288-d2eb-4a12-9730-7346025e1e5e,DUNGLA,DUNGLA,CHITTAURGARH,CHITTAURGARH,2021,74.32628591519554,24.556680221132282
4c98d4e2-9ced-48c8-950c-53175e039804,FATEHPUR,FATEHPUR,SIKAR,SIKAR,2019,74.95702324283548,28.022738749726987
013b381d-4e1f-4a63-b0d8-d1b685a78fc2,PHAGI,PHAGI,JAIPUR,JAIPUR,2021,75.58852905683108,26.59573314123354
529fd7ab-76c4-43b0-bc12-1e99cbacae63,CHHABRA,CHHABRA,BARAN,BARAN,2019,76.90741205790842,24.64470419534172
6706baf7-686c-4813-86bb-e55d771fb497,NOHAR,NOHAR,HANUMANGARH,HANUMANGARH,2019,74.72764732524364,29.09301211102461
39189a74-52dd-4409-b511-4c44b8bd29e3,RAIPUR,RAIPUR,PALI,PALI,2021,74.0992926646168,26.08220239110357
1020e475-e657-4bab-a0db-cfe3ee62d5b2,DEOLI,DEOLI,TONK,TONK,2019,75.54156183590648,25.85538702484688
b660599d-d07d-405f-b9ce-568e0ca72914,DEOGARH,DEOGARH,RAJSAMAND,RAJSAMAND,2021,73.97004539882496,25.50778397281062
a7a1ad7b-576f-417c-95ec-58994f1f50c4,SIMALWARA,SIMALWARA,DUNGARPUR,DUNGARPUR,2019,73.74965006674033,23.52942170783445
0fa1157d-af2d-4d84-a95b-80b95715a09d,BHIM,BHIM,RAJSAMAND,RAJSAMAND,2021,74.05009057690235,25.709588292926135
1c407b61-e9f6-4a77-bb76-2d0335f990d8,UDAIPURWATI,UDAIPURWATI,JHUNJHUNUN,JHUNJHUNU,2019,75.55783352849805,27.846806151318653
0d957952-c96a-4c05-b360-e40fdf32ac20,PILIBANGA,PILIBANGA,HANUMANGARH,HANUMANGARH,2021,74.05930887853113,29.473804527746417
6883b002-d8f7-4432-a611-a03468b94f57,BIKANER_RURAL,BIKANER RURAL,BIKANER,BIKANER,2021,73.38042942874694,28.082922710938703
bda9bdd6-473f-4d88-a84f-c227ea26a395,DESURI,DESURI,PALI,PALI,2021,73.53657624933156,25.30177265152478
cb3763d1-bc74-40a0-a26a-2114f7f6ab08,SAM,SAM,JAISALMER,JAISALMER,2019,70.42410129862847,26.99086325309282
584adef4-efe6-400b-baed-cf672c58d7bd,GHATOL,GHATOL,BANSWARA,BANSWARA,2019,74.40062749792499,23.764240177310093
b646a97b-9774-4d9a-b54f-5fb786382f7d,SUJANGARH,SUJANGARH,CHURU,CHURU,2019,74.46345050773834,27.737865289134717
515d5cd0-d510-4fcd-94ae-f1b2e422f966,GUDHAMALANI,GUDHAMALANI,BARMER,BARMER,2019,71.70544515236627,25.268693480520923
592c9d6f-af63-40a5-a7b5-f0049fc431d1,DESURI,DESURI,PALI,PALI,2019,73.5365762731419,25.30177266187492
20f05ef5-2186-47c9-8aea-5a28655d35c1,DAUSA,DAUSA,DAUSA,DAUSA,2021,76.35900827458595,26.940708473265804
f3ba1cd5-dbed-4198-9d0d-168f6818c028,KHAJUWALA,KHAJUWALA,BIKANER,BIKANER,2019,72.74487277364432,28.511341557298287
e04f29e3-b8ce-4539-a292-d0eddd52935b,KISHANGANJ,KISHANGANJ,BARAN,BARAN,2019,76.75282164233691,25.11674119449664
4734644c-76e8-4d71-9a02-f81b1c4975f7,RAMSAR,RAMSAR,BARMER,BARMER,2019,70.9312382717226,25.693144742310814
04f32a90-e2e9-4ddf-8261-1c1d2369e6fb,KAMAN,KAMAN,BHARATPUR,BHARATPUR,2021,77.25291121237271,27.676105092386468
e5554b1d-4da1-463e-bbb0-ce8f03f22780,BILARA,BILARA,JODHPUR,JODHPUR,2021,73.61912186134595,26.220787751086036
72d350d8-d238-4252-a7d8-c74ae2a1d474,KAPASAN,KAPASAN,CHITTAURGARH,CHITTAURGARH,2021,74.35042295897173,24.862417767814485
9e59f030-2865-4ec1-817a-acc7c6ec61ba,NEEMRANA,NEEMRANA,ALWAR,ALWAR,2021,76.37583666925349,28.046072445620865
e9d199a0-cfac-4e9c-98f1-77ed77ec5df2,BASERI,BASERI,DHAULPUR,DHAULPUR,2019,77.44716003400906,26.588074639744594
d58e7106-5b24-48b7-81d8-374e5d0495ed,SAYRA,SAYRA,UDAIPUR,UDAIPUR,2019,73.43500330760557,24.927286050407503
ce90595d-d934-4775-b942-d357d13292c1,DAG,DAG,JHALAWAR,JHALAWAR,2019,75.72795646286816,23.93513232934197
2dd60eee-f688-4bb4-b0fb-5033db3161c1,JHALARA,JHALARA,UDAIPUR,UDAIPUR,2021,74.14234162509499,24.06455651780699
3558ee7f-7b23-43f3-ac46-53c426eedee2,BAYANA,BAYANA,BHARATPUR,BHARATPUR,2021,77.29304691067087,26.892847119658203
988a2ead-5ce0-4477-9b40-9b0cf96c346f,KHARCHI (MARWAR JUNC,KHARCHI (MARWAR JUNC,PALI,PALI,2019,73.68912637035349,25.678243901431046
db0e5872-df6f-41d2-8894-27e7390bb22e,HANUMANGARH,HANUMANGARH,HANUMANGARH,HANUMANGARH,2021,74.28953226689264,29.5508178320302
0538d9b9-e86e-4090-b490-28e823ba1259,ANUPGARH,ANUPGARH,GANGANAGAR,GANGANAGAR,2021,73.2145296030433,29.168058137251254
12085d69-1926-42e1-a71b-4604bb2a4fdb,TARANAGAR,TARANAGAR,CHURU,CHURU,2019,74.96248563522927,28.70455269794936
18478610-9832-4366-bb1c-cbf6bb9e0d3b,RAILMAGRA,RAILMAGRA,RAJSAMAND,RAJSAMAND,2019,74.12004879019027,25.007634639216622
53fbab81-4658-45bb-b20d-27504889a01f,NADBAI,NADBAI,BHARATPUR,BHARATPUR,2021,77.22042700017813,27.196082680515584
2adf0122-e6dc-4ca3-9eb4-26ce34a43b3f,GANGAR TALAI,GANGAR TALAI,BANSWARA,BANSWARA,2021,74.18094706810831,23.25862704078504
1f0d0f50-431e-4519-9b4a-a49cb63ed35e,BASSI,BASSI,JAIPUR,JAIPUR,2019,76.07894345385775,26.822812687849662
4054d046-5844-469c-b9e6-244af8db8f1a,REODAR,REODAR,SIROHI,SIROHI,2021,72.50758437905881,24.62648845546456
831a082a-5bda-4ff6-826c-25c55777ea36,GALIAKOT,GALIAKOT,DUNGARPUR,DUNGARPUR,2019,73.97478312084615,23.54372698866926
63a3d2ee-2dc6-4a8e-b62c-b30f37de1895,MASOODA,MASOODA,AJMER,AJMER,2021,74.52190655904487,26.060425311611077
859b6aff-c2aa-436e-bb6c-d9ffad5ae366,BONLI,BONLI,SAWAI MADHOPUR,SAWAI MADHOPUR,2021,76.31422357620113,26.305029243161243
89427385-6988-4e14-a2b7-98c2b761bed9,BAP,BAP,JODHPUR,JODHPUR,2019,72.382379270246,27.388399522340272
35eefa69-18fa-4ec2-bdf2-1d0a0c97b48e,NAWALGARH,NAWALGARH,JHUNJHUNU,JHUNJHUNU,2021,75.34146676379886,27.864386608761393
458a477e-f7b5-440e-a762-1ab904671b53,SHAHPURA,SHAHPURA,BHILWARA,BHILWARA,2019,74.90701091289873,25.688004441253494
b00d2ebc-5f9b-46c4-bcd5-3e30749dea91,NEEMRANA,NEEMRANA,ALWAR,ALWAR,2019,76.37583658307368,28.0460723931384
ec8b4b4c-8482-4615-bcbf-f7106b6b11dc,BALI,BALI,PALI,PALI,2021,73.2359739967993,25.04809892750212
c35166da-77a9-4ff6-9384-be79a2bcd617,PATAN,PATAN,SIKAR,SIKAR,2019,75.95133074282916,27.769163849763363
7fe8d738-7fc4-4fd7-97b7-20918caf95f1,BIKANER,BIKANER,BIKANER,BIKANER,2019,73.37805670502217,28.080187089641505
327f0370-386f-4849-85fc-4ffb1870129a,AMBER_RURAL,AMBER RURAL,JAIPUR,JAIPUR,2021,75.89964082853183,27.119055318242374
bff322e9-4ddb-4dc4-99c0-848f65cd6a7e,BAGIDORA,BAGIDORA,BANSWARA,BANSWARA,2019,74.31168313085894,23.408047800819627
fd291fed-4bee-4134-b197-a1ad6415c9fa,SHEOGANJ,SHEOGANJ,SIROHI,SIROHI,2019,72.90581122997851,25.09067266155057
47aa30d4-5cc5-4bbe-bdcf-c5f40771b552,PINDWARA,PINDWARA,SIROHI,SIROHI,2021,72.97934299771556,24.708600560970666
92cac0be-0d1c-477c-877b-33fa6a52a14e,AKLERA,AKLERA,JHALAWAR,JHALAWAR,2021,76.51644552878778,24.331826746133224
d08e6ddb-aad8-420f-a9fe-58405e3bf00b,BANSUR,BANSUR,ALWAR,ALWAR,2021,76.35835057897536,27.682740501483096
f7b77d7b-494b-4481-bccb-69e98db5aa0b,MAKRANA,MAKRANA,NAGAUR,NAGAUR,2019,74.56911536960882,27.05003482483048
6b5563c3-4eba-4bbe-bfb1-e9001f040dd6,BARI,BARI,DHAULPUR,DHAULPUR,2021,77.65063033402258,26.6172813295244
8c41c21a-360c-4765-9934-91a4f059f6d1,RENI,RENI,ALWAR,ALWAR,2021,76.72423665977992,27.206070546548833
ba2c122c-f1cd-49a3-9f47-3fb07811ca2f,REODAR,REODAR,SIROHI,SIROHI,2019,72.50758433516343,24.626488499989673
3846c3ab-18f0-4ba2-99fa-2ebb9ba8fff9,GARHI,GARHI,BANSWARA,BANSWARA,2021,74.20410064465894,23.64182744102474
f8bcbc09-7d93-481a-a1ad-09918644d1f0,RAISINGHNAGAR,RAISINGHNAGAR,GANGANAGAR,GANGANAGAR,2021,73.43995070207244,29.4979214992455
79c036ea-9151-40c3-a671-7df1349e77fa,GANGRAR,GANGRAR,CHITTAURGARH,CHITTAURGARH,2021,74.63663189769454,25.069428573203627
3fa9c594-73e4-4190-a4ab-01156fbbc878,GUDHAMALANI,GUDHAMALANI,BARMER,BARMER,2021,71.70544518830863,25.26869352803728
c797096e-cf44-4cf9-8ef4-111a535e9121,DOVRA,DOVRA,DUNGARPUR,DUNGARPUR,2021,73.86673233081788,23.848775658337708
d466d28f-f9b4-4683-ac23-9cb6ed9abacf,JHONTHRI,JHONTHRI,DUNGARPUR,DUNGARPUR,2019,73.75075987209793,23.6768786729608
a6a6408f-c8d2-4935-b68e-52a948ace974,BALESAR,BALESAR,JODHPUR,JODHPUR,2021,72.60720185871307,26.40743643289484
9fcfe6ca-f2d3-41db-8a8c-975d834c2398,SURAJGARH,SURAJGARH,JHUNJHUNUN,JHUNJHUNU,2019,75.71745289500686,28.343318522581008
468e8f80-30d8-4461-86d0-e8a65ce90c3b,BIKANER_URBAN,BIKANER URBAN,BIKANER,BIKANER,2021,73.31614095168017,28.00880141882735
7eed3b0d-5dcc-439f-99b2-e83175908ce8,JAIPUR_URBAN,JAIPUR URBAN,JAIPUR,JAIPUR,2021,75.80268726090738,26.89579786081634
8c9800bb-6031-4bc3-8788-832bf6c94ba4,MUNDWA,MUNDWA,NAGAUR,NAGAUR,2021,73.78518135689096,26.988149739848247
dee833b4-7404-40f7-9551-1b8448718d53,KUMBHALGARH,KUMBHALGARH,RAJSAMAND,RAJSAMAND,2019,73.66496045499893,25.170508209519166
c90852cd-18e7-4155-85fa-fbe5ae9f236b,SANGOD,SANGOD,KOTA,KOTA,2021,76.20966873833673,24.915518469594776
20be46b0-54e4-4226-ad34-b64e4af13da4,ATRU,ATRU,BARAN,BARAN,2019,76.5882173418309,24.827907087706837
90099314-7101-4835-a739-80fc196fde34,GANGAPUR,GANGAPUR,SAWAI MADHOPUR,SAWAI MADHOPUR,2019,76.76405154653563,26.510957245594206
247ccb09-b2e2-48f5-834e-afdf1fdae17a,DUDU,DUDU,JAIPUR,JAIPUR,2019,75.23318742458783,26.74773936448548
2815bb73-9fce-407a-abb9-7d76179a1291,SHEOGANJ,SHEOGANJ,SIROHI,SIROHI,2021,72.90581120516757,25.090672622870375
db7c0971-e744-4cf1-a05f-d14271244e0d,BARI SADRI,BARI SADRI,CHITTAURGARH,CHITTAURGARH,2021,74.46094500073887,24.398077421222734
50554a02-8bf7-41d6-82f8-81abd81f5ede,KHARCHI (MARWAR JUNCTION),KHARCHI (MARWAR JUNCTION),PALI,PALI,2021,73.68912638213358,25.678243894255537
ea02a40a-03dc-4703-a57a-e5cfe357b89a,HANUMANGARH,HANUMANGARH,HANUMANGARH,HANUMANGARH,2019,74.28953225650238,29.550817847835155
cf2bbb37-fee4-4f61-800c-e7247fef2ffe,LASADIYA,LASADIYA,UDAIPUR,UDAIPUR,2021,74.23827610976143,24.271228210437933
d66fbfee-c7fe-4c85-9ef1-b3e927898a9b,BEGUN,BEGUN,CHITTAURGARH,CHITTAURGARH,2019,75.00249311014755,25.011614692397764
41fe7979-f980-4bfc-857e-e9d641090922,Rajgarh,RAJGARH,ALWAR,ALWAR,2019,76.61290584110691,27.38071641333849
1e3409d4-5139-465e-ab5e-011adc31a9b9,PIPAR CITY,PIPAR CITY,JODHPUR,JODHPUR,2019,73.5801690649701,26.427949032467335
95781299-74b3-4c3d-acc8-149ced671b32,BANDIKUI,BANDIKUI,DAUSA,DAUSA,2019,76.59549366998903,27.05030414886765
42356ba6-8478-4ea0-868d-ef04271dc1d0,BHOPALGARH,BHOPALGARH,JODHPUR,JODHPUR,2019,73.47501441869015,26.677153278544054
2c05e2f9-6926-4317-9ac0-2097002b4f1e,BARI,BARI,DHAULPUR,DHAULPUR,2019,77.65063034426464,26.617281294736884
8519146e-6548-4ab6-b5c9-4fc8bde08336,SARDARSHAHAR,SARDARSHAHAR,CHURU,CHURU,2019,74.41740312865656,28.536666274756897
95bc5651-23db-485b-971e-a3ee3f2b817b,CHITTAURGARH,CHITTAURGARH,CHITTAURGARH,CHITTAURGARH,2021,74.68173916575661,24.881219553440378
33c7d5eb-8a83-40f4-8cdf-c074c345d5dd,BALOTRA,BALOTRA,BARMER,BARMER,2021,72.14925840342505,25.83084627386332
5c1987b8-950c-4f03-bcd0-f2c2b3210892,SALUMBAR,SALUMBAR,UDAIPUR,UDAIPUR,2019,74.02823383183983,24.177463696170207
ece5b933-909f-4439-91d2-74d217d4ea94,MERTA,MERTA,NAGAUR,NAGAUR,2021,73.91099248203297,26.65631479042905
91aff5d7-ca12-44c2-bf11-0fff488b20a9,CHEEKHLI,CHEEKHLI,DUNGARPUR,DUNGARPUR,2021,73.88259268982124,23.44588270595058
a313e579-ec25-46a8-a0c0-443c033a82b8,SANGOD,SANGOD,KOTA,KOTA,2019,76.20966871361998,24.915518484599804
57c8c672-0b41-4c70-8ca6-89aa4f9c7edb,ROHAT,ROHAT,PALI,PALI,2019,73.09000746088361,25.860806135903207
84320cfb-b5c1-4621-aa4d-8cfb1d89f581,PHALODI,PHALODI,JODHPUR,JODHPUR,2019,72.42373287920994,27.14259377503787
59e9ef28-0410-4d20-b60b-788e69e665a8,ITAWA,ITAWA,KOTA,KOTA,2019,76.42149768729661,25.58325664365495
aac7ab80-c909-4455-9736-45d80a42e70a,SUWANA,SUWANA,BHILWARA,BHILWARA,2019,74.62300859898778,25.296282856232768
f6b6f7a1-c1eb-4737-a076-03d3e3aa9bd5,RISHABHDEV,RISHABHDEV,UDAIPUR,UDAIPUR,2021,73.67042031741191,24.08225698925318
d00a9db3-9140-4b24-b1b1-6257b062ed75,SANGANER_RURAL,SANGANER RURAL,JAIPUR,JAIPUR,2021,75.70743834566511,26.78394391816384
be3fab60-80ad-491a-919d-dd18206b5f68,ANTAH,ANTAH,BARAN,BARAN,2021,76.38643815528678,25.223289959343113
c144281a-7dd9-42ee-9125-9ec5d70c7f0f,JHUNJHUNUN,JHUNJHUNU,JHUNJHUNU,JHUNJHUNU,2021,75.3557247425143,28.090325702887974
9d1645aa-3a61-43ce-b9de-4e4e1adde87d,SHAHPURA,SHAHPURA,BHILWARA,BHILWARA,2021,74.90701088978669,25.688004468696167
4634773e-2902-43a1-953e-aec815bdbeb2,KOTRA,KOTRA,UDAIPUR,UDAIPUR,2019,73.21878826908423,24.502575480689405
b8fa0b76-d2de-4e9a-a914-fcf04cb5a54c,GANGRAR,GANGRAR,CHITTAURGARH,CHITTAURGARH,2019,74.63653598301977,25.069853225607027
15ac0843-02b2-4912-91a5-b97b580e947e,PALI,PALI,PALI,PALI,2021,73.27904045355616,25.694746768649093
c2a0bdcf-ddb2-43bd-9901-8bc75e81586d,TALWARA,TALWARA,BANSWARA,BANSWARA,2019,74.35241884053592,23.5562930203425
9ee5ec3a-4db6-4188-9630-41ce007b1e11,SANCHORE,SANCHORE,JALOR,JALOR,2019,71.82377721983588,24.78370604305245
967b3bd7-aaf9-4318-b8be-6959f0487e13,PALI,PALI,PALI,PALI,2019,73.2790405020222,25.694746769021105
403fa8dd-76b8-40b4-ab65-a667214b03a9,NEEM KA THANA,NEEM KA THANA,SIKAR,SIKAR,2021,75.80393443034725,27.659819435771734
ca6958fd-013a-467a-bcb8-7cbe14e4e7d4,CHURU,CHURU,CHURU,CHURU,2021,74.92672593606314,28.367138051667446
ac4a7352-85f6-4f6c-8c98-6d987397552f,JAWAJA,JAWAJA,AJMER,AJMER,2021,74.1736888233556,25.939331225723517
4b0201cf-4fde-4cf0-ac2a-93fe495913cb,SAMBHAR,SAMBHAR,JAIPUR,JAIPUR,2021,75.358803819529,27.06099748837109
567589df-99f1-4315-8e10-a0820e1c0a90,HINDOLI,HINDOLI,BUNDI,BUNDI,2019,75.5435745411024,25.54478632346796
e893022d-5278-46c1-a38c-3bac5fadf1b1,KISHANGARH,KISHANGARH,AJMER,AJMER,2021,74.88778352600323,26.69325106918587
7d19ab1f-b22a-4247-9f54-668a5f6f45e8,MERTA,MERTA,NAGAUR,NAGAUR,2019,73.91099249786359,26.656314772031696
3a9de127-f7bf-4697-98fd-50d28cc29bb7,PIPRALI,PIPRALI,SIKAR,SIKAR,2019,75.2775906099209,27.618546998682415
772ca7e1-526f-45b0-9516-f14c857deae5,RAMGARH,RAMGARH,ALWAR,ALWAR,2021,76.80205333247524,27.59213541258838
45d6c438-b87e-4ec2-b85b-9628fb38d13f,BHOPALSAGAR,BHOPALSAGAR,CHITTAURGARH,CHITTAURGARH,2021,74.19862488800712,24.819254954159984
9253bd11-b107-4f13-9323-3970d7a96e46,ARAIN,ARAIN,AJMER,AJMER,2021,75.04338326605087,26.348727635428222
1679d838-7c15-4ee3-91eb-7ba14d31c9ab,DHOND,DHOND,SIKAR,SIKAR,2021,75.02642430808433,27.560124536643404
f6f31aac-913e-4067-a40d-27955e8c556b,RAILMAGRA,RAILMAGRA,RAJSAMAND,RAJSAMAND,2021,74.12004880054532,25.007634649284096
819ecd83-1c18-46bc-950c-11805d78b07a,SIROHI,SIROHI,SIROHI,SIROHI,2019,72.70817706435585,24.872469949065085
4cdcf9a5-f814-477c-99c0-9aa1611a8918,PARBATSAR,PARBATSAR,NAGAUR,NAGAUR,2021,74.63717478894836,26.812296293932388
974b55bf-26cd-4886-94f0-6eca319eba99,NAWALGARH,NAWALGARH,JHUNJHUNUN,JHUNJHUNU,2019,75.34146676964977,27.8643866065208
053053f6-92fa-4f2d-8f62-bf04dc34fb89,PIPRALI,PIPRALI,SIKAR,SIKAR,2021,75.27759057969749,27.618546999013287
d642aa2e-b949-46d4-a36d-d7cf94abfbcd,THANAGAZI,THANAGAZI,ALWAR,ALWAR,2019,76.28347512606474,27.356206503250288
cb04da5f-a39c-4761-a13f-4283e5b26861,BICHHIWARA,BICHHIWARA,DUNGARPUR,DUNGARPUR,2021,73.59297915954437,23.790314865588446
faeb8de8-3eb1-4cf9-81fc-f27a181a3fa8,SRI VIJAYNAGAR,SRI VIJAYNAGAR,GANGANAGAR,GANGANAGAR,2019,73.50079153471991,29.222593481877084
d8d82cd6-95e7-4862-bcc9-b94513256eef,WEIR,WEIR,BHARATPUR,BHARATPUR,2021,77.10886770571491,27.049506254868692
34f0b077-b40d-4315-8d93-09f6afc39a01,SINDHARI,SINDHARI,BARMER,BARMER,2021,71.90829754695905,25.56010247185954
d5d4f0e8-6e3d-457b-8416-6e7504698fc0,CHEEKHLI,CHEEKHLI,DUNGARPUR,DUNGARPUR,2019,73.88259270222899,23.44588269328613
0cfc8676-d61e-44a2-87e2-a2f8a6183761,GOGUNDA,GOGUNDA,UDAIPUR,UDAIPUR,2019,73.48956682888198,24.684597347106898
6f00c0d4-bdca-49ef-b48e-bd691c14f561,KALYANPUR,KALYANPUR,BARMER,BARMER,2019,72.50080001689982,26.051742836845598
81afc6ea-5eea-4ba4-ab4a-7f3b32f850f0,AJMER_URBAN,AJMER URBAN,AJMER,AJMER,2021,74.63859264158194,26.456100506925196
7990085d-cee9-4ec1-8310-0f01f4cf4667,SIWANA,SIWANA,BARMER,BARMER,2021,72.35705675043063,25.573318796063113
29621f05-85f1-47ad-ab90-3028a982fe4b,CHURU,CHURU,CHURU,CHURU,2019,74.92672597556549,28.36713805952126
734a0559-4d6a-414d-a5bc-449ee85d0774,BHINMAL,BHINMAL,JALOR,JALOR,2021,72.09183983591645,25.12503484000397
f65b9588-7a1d-44b6-862d-11561e4dd4c5,BARI SADRI,BARI SADRI,CHITTAURGARH,CHITTAURGARH,2019,74.46094499901216,24.398077435993823
de715b87-ae8f-42c3-a5fd-ae6210571ed0,BHADRA,BHADRA,HANUMANGARH,HANUMANGARH,2021,75.1848311816348,29.06077871930658
d1905650-088e-4944-a44b-5117b0a22860,PIPAR CITY,PIPAR CITY,JODHPUR,JODHPUR,2021,73.58016908328167,26.42794901413213
c43ce2d2-bc1e-488b-be1f-31bfbf7d9d16,BANSUR,BANSUR,ALWAR,ALWAR,2019,76.358350559448,27.682740509496938
c87652e9-6891-4e46-981b-5e43086d5f1b,TIJARA,TIJARA,ALWAR,ALWAR,2021,76.85804697962625,28.003920994296404
b8623022-7419-4466-ad06-c741ef60e1c9,HURDA,HURDA,BHILWARA,BHILWARA,2021,74.6108274908977,25.810341353507958
708d1fcc-f7e4-40ff-a44f-c04b4d8e3a5c,MANDOR_RURAL,MANDOR RURAL,JODHPUR,JODHPUR,2021,73.06514604358468,26.347819227627955
32158333-0f33-42f8-a9c4-fc817f467822,SAMBHAR,SAMBHAR,JAIPUR,JAIPUR,2019,75.35880377419478,27.06099747934785
9c76f7af-b624-46f4-a3af-23ed184dac5d,DHAULPUR,DHAULPUR,DHAULPUR,DHAULPUR,2019,77.89734244562463,26.731682657623217
eb048b13-fe7c-4f05-a68c-2a8b44090092,BIJOLIYAN,BIJOLIYAN,BHILWARA,BHILWARA,2019,75.32124729682974,25.166021817591947
4cab2ef2-72c2-4a0c-a126-52ed180069ba,SULTANPUR,SULTANPUR,KOTA,KOTA,2021,76.17954061975236,25.292150217549548
3e6876a1-c2c3-4bdc-a25f-25da941dd682,KOTA_URBAN,KOTA URBAN,KOTA,KOTA,2021,75.80827906107203,25.07443223127104
dc85bea6-8c1b-42ef-bbf6-921124b095b8,SAPOTRA,SAPOTRA,KARAULI,KARAULI,2019,76.76883099884934,26.27128753656456
c9cabc88-fd78-49b1-9bc0-85d225a7af8f,LADNU,LADNU,NAGAUR,NAGAUR,2021,74.44056098501295,27.533254478713165
5536bfa1-6f4d-4ab0-8018-c18292b6d9e8,JHONTHRI,JHONTHRI,DUNGARPUR,DUNGARPUR,2021,73.75640441512022,23.679185120089485
000d7603-ddf8-476e-8574-e947ce6e25ef,KARANPUR,KARANPUR,GANGANAGAR,GANGANAGAR,2019,73.5125068303912,29.861298550962367
be984c0f-695b-4324-a44d-db7a46085255,SHAHPURA,SHAHPURA,JAIPUR,JAIPUR,2021,75.90159097429444,27.340130289862163
